RegistroANS,CNPJ,RazaoSocial,UF,Modalidade,Total_Despesas,Media_Trimestral,Desvio_Padrao
005711,92693118000160,BRADESCO SAÃDE S.A.,RJ,Seguradora Especializada em SaÃºde,6525598721067,2175199573689.00,931059014482.92
354627,81733115000197,UNIMED DE CIANORTE - COOPERATIVA DE TRABALHO MEDICO ,PR,Cooperativa MÃ©dica,4282460275262,1427486758420.67,1618352584.37
326305,29309127000179,AMIL ASSISTÃNCIA MÃDICA INTERNACIONAL S.A.,SP,Medicina de Grupo,3823836936170,1274612312056.67,685001332358.93
006246,01685053000156,SUL AMERICA COMPANHIA DE SEGURO SAÃDE,RJ,Seguradora Especializada em SaÃºde,3451135030964,1150378343654.67,768336505460.53
339679,02812468000106,UNIMED NACIONAL - COOPERATIVA CENTRAL,SP,Cooperativa MÃ©dica,1773076870794,591025623598.00,333083660978.12
359017,44649812000138,NOTRE DAME INTERMÃDICA SAÃDE S.A.,SP,Medicina de Grupo,1670720801915,556906933971.67,306008403036.74
336858,81710543000102,UNIMED FRANCISCO BELTRAO COOPERATIVA DE TRABALHO MEDICO,PR,Cooperativa MÃ©dica,1531709582848,510569860949.33,270773642485.10
346659,33719485000127,CAIXA DE ASSISTÃNCIA DOS FUNCIONÃRIOS DO BANCO DO BRASIL,DF,AutogestÃ£o,1329565423801,443188474600.33,234538522528.65
368253,63554067000198,HAPVIDA ASSISTENCIA MEDICA S.A.,CE,Medicina de Grupo,1254063415227,418021138409.00,297214555996.36
343889,16513178000176,UNIMED BELO HORIZONTE COOPERATIVA DE TRABALHO MÃDICO,MG,Cooperativa MÃ©dica,1047777035854,349259011951.33,184795511731.39
312363,31432792000105,UNIMED DO EST. DO RJ FEDERAÃÃO EST. DAS COOPERATIVAS MÃDICAS,RJ,Cooperativa MÃ©dica,878647757587,292882585862.33,143995785296.94
000582,04540010000170,PORTO SEGURO - SEGURO SAÃDE S/A,SP,Seguradora Especializada em SaÃºde,860062880358,286687626786.00,209705834859.45
421715,15011651000154,BRADESCO SAÃDE - OPERADORA DE PLANOS  S/A,SP,Medicina de Grupo,813907367373,271302455791.00,200809039322.73
302147,00461479000163,PREVENT SENIOR PRIVATE OPERADORA DE SAÃDE LTDA,SP,Medicina de Grupo,769184001291,256394667097.00,173285860044.37
352501,87096616000196,UNIMED PORTO ALEGRE - COOPERATIVA MÃDICA LTDA.,RS,Cooperativa MÃ©dica,741976424920,247325474973.33,138769967361.02
000701,04487255000181,UNIMED SEGUROS SAÃDE S/A,SP,Seguradora Especializada em SaÃºde,712942189875,237647396625.00,93083131624.28
416428,02866602000151,SUL AMÃRICA PARANÃ CLÃNICAS SERVIÃOS DE SAÃDE S.A.,SP,Medicina de Grupo,654480426401,218160142133.67,183391032217.28
304701,75055772000120,UNIMED CURITIBA - SOCIEDADE COOPERATIVA DE MÃDICOS,PR,Cooperativa MÃ©dica,618263674515,206087891505.00,82783852576.15
323080,03658432000182,GEAP AUTOGESTÃO EM SAÃDE,DF,AutogestÃ£o,552941999091,184313999697.00,79600037017.94
335690,46124624000111,UNIMED CAMPINAS - COOPERATIVA DE TRABALHO MÃDICO,SP,Cooperativa MÃ©dica,529098262030,176366087343.33,80293420132.91
317144,05868278000107,UNIMED DE FORTALEZA SOCIEDADE COOPERATIVA MÃDICA LTDA.,CE,Cooperativa MÃ©dica,479153317303,159717772434.33,85921983922.46
422631,39427632000171,ASSOCIAÃÃO PETROBRAS DE SAÃDE - APS,RJ,AutogestÃ£o,464298182197,154766060732.33,95370659664.86
382876,02476067000122,UNIMED GOIANIA COOPERATIVA DE TRABALHO MÃDICO,GO,Cooperativa MÃ©dica,400631186122,133543728707.33,82018826224.94
359661,44673382000190,OMINT SERVIÃOS DE SAÃDE S.A.,SP,Medicina de Grupo,358546945369,119515648456.33,65146822792.30
357391,27578434000120,UNIMED VITORIA COOPERATIVA DE TRABALHO MEDICO,ES,Cooperativa MÃ©dica,353366873560,117788957853.33,64718317707.45
419133,18275071000162,POSTAL SAÃDE CAIXA DE ASSISTÃNCIA E SAÃDE DOS EMPREGADOS DOS CORREIOS,DF,AutogestÃ£o,339228001216,113076000405.33,59067758292.34
344885,11214624000128,UNIMED RECIFE COOPERATIVA DE TRABALHO MÃDICO,PE,Cooperativa MÃ©dica,336680287642,112226762547.33,64036226683.58
379956,02725347000127,CARE PLUS MEDICINA ASSISTENCIAL LTDA.,SP,Medicina de Grupo,322904255566,107634751855.33,59557870389.11
319996,43643139000166,UNIMED DO ESTADO DE SÃO PAULO - FEDERAÃÃO ESTADUAL DAS COOP. MÃDICAS,SP,Cooperativa MÃ©dica,318769405604,106256468534.67,56447264974.85
312126,73809352000166,FUNDAÃÃO SAÃDE ITAÃ,MG,AutogestÃ£o,309001435483,103000478494.33,62938315294.91
424188,50565317000143,SERV  SOCIAL AUTÃNOMO DE ASSIST Ã SAÃDE DOS SERV PÃBLICOS E MILITARES DE GOIÃS,GO,AutogestÃ£o,307589730850,153794865425.00,45730448328.81
360449,77858611000108,UNIMED GRANDE FLORIANÃPOLIS-COOPERATIVA DE TRABALHO MEDICO,SC,Cooperativa MÃ©dica,295130417421,98376805807.00,58261834924.78
309222,31925548000176,GRUPO HOSPITALAR DO RIO DE JANEIRO LTDA,RJ,Medicina de Grupo,270344393263,90114797754.33,30584192256.33
315478,62465117000106,FUNDAÃÃO CESP,SP,AutogestÃ£o,269105259750,89701753250.00,47976289507.73
335100,45100138000109,UNIMED SAO JOSÃ DO RIO PRETO - COOP. DE TRABALHO MÃDICO,SP,Cooperativa MÃ©dica,257007868290,85669289430.00,55364407408.16
342084,03533726000188,UNIMED CUIABA COOPERATIVA DE TRABALHO MÃDICO,MT,Cooperativa MÃ©dica,230753918651,76917972883.67,44502841579.87
333689,57746455000178,MEDISERVICE OPERADORA DE PLANOS DE SAÃDE S.A.,SP,Medicina de Grupo,227627408443,75875802814.33,41411078902.94
335614,31466949000105,SAMEDIL SERVIÃOS DE ATENDIMENTO MÃDICO S/A,ES,Medicina de Grupo,227502874303,75834291434.33,42631279147.84
346926,00628107000189,FUNDAÃÃO ASSISTENCIAL DOS SERVIDORES DO MINISTÃRIO DA FAZENDA,DF,AutogestÃ£o,224129218546,74709739515.33,36588706123.93
303976,04201372000137,UNIMED BELÃM COOPERATIVA DE TRABALHO MÃDICO,PA,Cooperativa MÃ©dica,212446462180,70815487393.33,24034724805.29
352331,62231527000184,CAIXA BENEFICENTE DOS FUNCIONARIOS DO BANCO DO ESTADO DE SÃO PAULO,SP,AutogestÃ£o,200684348817,66894782939.00,38487615618.55
343269,75222224000147,UNIMED DE LONDRINA COOPERATIVA DE TRABALHO MÃDICO,PR,Cooperativa MÃ©dica,186492722772,62164240924.00,26454513063.11
335592,08380701000105,UNIMED NATAL SOC. COOP. DE TRAB. MÃDICO,RN,Cooperativa MÃ©dica,182919972494,60973324164.67,35384649082.58
371254,76767219000182,UNIMED REGIONAL MARINGÃ COOP.DE TRABALHO MÃDICO,PR,Cooperativa MÃ©dica,176361367770,58787122590.00,30641861318.29
348520,62550256000120,NOTRE DAME INTERMÃDICA MINAS GERAIS SAÃDE S.A.,CE,Medicina de Grupo,175317377420,58439125806.67,30477991690.63
312851,03315918000118,UNIMED CAMPO GRANDE MS COOPERATIVA DE TRABALHO MÃDICO,MS,Cooperativa MÃ©dica,174555781416,58185260472.00,30700876216.94
325571,87827689000100,UNIMED SERRA GAUCHA/RS COOPERATIVA DE ASSISTENCIA A SAUDE LTDA,RS,Cooperativa MÃ©dica,172706292452,57568764150.67,32318243162.43
348295,45399961000159,UNIMED SOROCABA COOPERATIVA DE TRABALHO MÃDICO,SP,Cooperativa MÃ©dica,171572939634,57190979878.00,31524064026.91
327689,12442737000143,UNIMED MACEIO COOPERATIVA DE TRABALHO MÃDICO,AL,Cooperativa MÃ©dica,167531834797,55843944932.33,28224548086.53
384577,17790718000121,UNIMED UBERLÃNDIA COOPERATIVA REGIONAL TRABALHO MÃDICO LTDA,MG,Cooperativa MÃ©dica,165178887625,55059629208.33,26414374879.31
351202,45232246000127,UNIMED DE RIBEIRAO PRETO - COOPERATIVA DE TRABALHO MÃDICO,SP,Cooperativa MÃ©dica,165057017728,55019005909.33,29102543178.03
343731,28630531000187,UNIMED-SÃO GONÃALO - NITERÃI - SOC.COOP.SERV.MED E HOSP LTDA,RJ,Cooperativa MÃ©dica,164726652493,54908884164.33,33996740478.95
312720,78339439000130,UNIMED DO ESTADO DO PARANÃ FEDERAÃÃO ESTADUAL DAS COOPERATIVAS MÃDICAS,PR,Cooperativa MÃ©dica,161273997814,53757999271.33,30632588821.33
321044,08680639000177,UNIMED JOAO PESSOA - COOPERATIVA DE TRABALHO MÃDICO,PB,Cooperativa MÃ©dica,156191046214,52063682071.33,30921472350.79
355691,76590884000143,UNIMED DO ESTADO DE SANTA CATARINA FED. EST. DAS COOP. MÃD.,SC,Cooperativa MÃ©dica,153232003011,51077334337.00,27970166964.44
355721,58229691000180,UNIMED DE SANTOS COOP DE TRAB MEDICO,SP,Cooperativa MÃ©dica,143359121138,47786373712.67,26307049222.40
413534,04311093000126,CAIXA DE ASSISTENCIA DOS SERVIDORES DO ESTADO DE MATO GROSSO DO SUL,MS,AutogestÃ£o,139759965150,46586655050.00,24875029939.48
355097,43293604000186,SANTA HELENA ASSISTÃNCIA MÃDICA S/A.,SP,Medicina de Grupo,137657463758,45885821252.67,24064541198.36
357511,00361325000108,HUMANA SAÃDE NORDESTE LTDA. ,PI,Medicina de Grupo,133020525825,44340175275.00,23671683513.40
334561,82624776000147,UNIMED BLUMENAU - COOPERATIVA DE TRABALHO MEDICO,SC,Cooperativa MÃ©dica,132614619700,44204873233.33,23517901897.59
321273,82602327000106,UNIMED DE JOINVILLE COOPERATIVA DE TRABALHO MÃDICO,SC,Cooperativa MÃ©dica,132323974564,44107991521.33,23704802514.25
301949,58119199000151,ODONTOPREV S/A,SP,Odontologia de Grupo,131259390615,43753130205.00,23188542006.72
407011,02009924000184,GAMA SAUDE LTDA.,SP,Medicina de Grupo,122199338109,40733112703.00,18448039113.14
315729,44803922000102,UNIMED DE PIRACICABA SOCIEDADE COOPERATIVA DE SERVIÃOS MÃDICOS,SP,Cooperativa MÃ©dica,122047186629,40682395543.00,21589940678.49
319121,25250820000162,UNIMED DIVINOPOLIS - COOPERATIVA DE TRABALHO MEDICO LTDA,MG,Cooperativa MÃ©dica,121921920045,40640640015.00,24347536615.61
369659,44456036000150,UNIMED DE BAURU COOPERATIVA DE TRABALHO MÃDICO,SP,Cooperativa MÃ©dica,120875594015,40291864671.67,17857813119.68
303356,85377174000120,UNIMED LITORAL COOPERATIVA DE TRABALHO MÃDICO LTDA,SC,Cooperativa MÃ©dica,120527956189,40175985396.33,19301840920.69
331872,60214517000105,UNIMED SAO JOSE DOS CAMPOS - COOPERATIVA DE TRABALHO MEDICO,SP,Cooperativa MÃ©dica,119123279792,39707759930.67,22365328211.28
342033,02403281000159,SAMP ESPIRITO SANTO ASSISTENCIA MEDICA SA,ES,Medicina de Grupo,118574263126,39524754375.33,18400327389.73
340782,76882612000117,CLINIPAM CLINICA PARANAENSE DE ASSISTENCIA MEDICA LTDA,CE,Medicina de Grupo,118293067707,39431022569.00,23786817907.27
306886,17689407000170,UNIMED JUIZ DE FORA COOPERATIVA DE TRABALHO MÃDICO LTDA,MG,Cooperativa MÃ©dica,117133113806,39044371268.67,20847591021.20
303623,62638374000194,CENTRO TRASMONTANO DE SAO PAULO,SP,Medicina de Grupo,116894139533,38964713177.67,20012910482.09
306398,87300448000109,UNIMED - COOPERATIVA DE SERVIÃOS DE SAÃDE DOS VALES DO TAQUARI E RIO PARDO LTDA.,RS,Cooperativa MÃ©dica,111608064322,37202688107.33,19136272338.89
370070,81170003000175,UNIMED DE CASCAVEL COOPERATIVA DE TRABALHO MÃDICO,PR,Cooperativa MÃ©dica,111459692502,37153230834.00,21693455545.91
337668,13360276000122,UNIMED SERGIPE - COOPERATIVA DE TRABALHO MÃDICO,SE,Cooperativa MÃ©dica,106909923431,35636641143.67,18277912957.72
314218,60975174000100,ASSOCIAÃÃO DE BENEFICÃNCIA E FILANTROPIA SÃO CRISTOVÃO,SP,Filantropia,103777294717,34592431572.33,17727441254.05
339954,19878404000100,FUNDAÃÃO SÃO FRANCISCO XAVIER,MG,Filantropia,100589230735,33529743578.33,11487931208.42
302953,35830868000101,UNIMED DE MACAÃ COOPERATIVA DE ASSISTÃNCIA Ã SAÃDE,RJ,Cooperativa MÃ©dica,100437395218,33479131739.33,19417847520.69
385697,05814777000103,CAIXA DE ASSISTÃNCIA DOS FUNCIONÃRIOS DO BANCO DO NORDESTE DO BRASIL,CE,AutogestÃ£o,98990487349,32996829116.33,20032892893.76
361011,03657699000155,SINDIFISCO NACIONAL - SINDICATO NACIONAL DOS AUDITORES-FISCAIS DA RECEITA FEDERAL DO BRASIL,DF,AutogestÃ£o,89319928604,29773309534.67,15486194073.33
354031,45359213000142,UNIMED SÃO CARLOS - COOPERATIVA DE TRABALHO MÃDICO,SP,Cooperativa MÃ©dica,87488580456,29162860152.00,16733883842.79
356417,88258884000120,UNIMED VALE DO SINOS - COOPERATIVA DE ASSISTÃNCIA Ã SAÃDE LTDA,RS,Cooperativa MÃ©dica,87069416254,29023138751.33,17392332869.92
369292,48628366000136,UNIMED DE SANTA BÃRBARA D'OESTE E AMERICANA - COOP DE TRABALHO MÃDICO,SP,Cooperativa MÃ©dica,86202189494,28734063164.67,15009507745.27
364584,35917970000130,UNIMED DE VOLTA REDONDA COOPERATIVA DE TRABALHO MÃDICO,RJ,Cooperativa MÃ©dica,85599451136,28533150378.67,14780322859.88
331988,39419809000198,PASA - PLANO DE ASSISTENCIA A SAUDE DO APOSENTADO DA VALE,RJ,AutogestÃ£o,85060826072,28353608690.67,15268060170.93
315796,44863959000126,UNIMED DE PRESIDENTE PRUDENTE COOPERATIVA DE TRAB. MÃDICO,SP,Cooperativa MÃ©dica,82480802791,27493600930.33,15487145766.72
353353,07241136000132,UNIMED TERESINA - COOPERATIVA DE TRABALHO MÃDICO,PI,Cooperativa MÃ©dica,82445568051,27481856017.00,14762391652.33
354066,17774738000109,UNIMED UBERABA COOPERATIVA DE TRABALHO MEDICO LTDA.,MG,Cooperativa MÃ©dica,80461458234,26820486078.00,14583889269.43
353663,73967085000155,UNIMED NORTE DO MATO GROSSO COOPERATIVA DE TRABALHO MÃDICO,MT,Cooperativa MÃ©dica,79403321704,26467773901.33,11995836629.73
331317,34269803000168,REAL GRANDEZA - FUNDAÃÃO DE PREVIDÃNCIA E ASSISTÃNCIA SOCIAL,RJ,AutogestÃ£o,77195574033,25731858011.00,13991190513.47
411256,03011072000122,PLANO HOSPITAL SAMARITANO LTDA,SP,Medicina de Grupo,75562564039,25187521346.33,12860066737.07
419249,18321477000134,ASSOCIAÃÃO SANTA CASA SAÃDE DE SÃO JOSÃ DOS CAMPOS,SP,Medicina de Grupo,75061738993,25020579664.33,18131560200.57
349712,77781706000162,UNIMED PONTA GROSSA COOPERATIVA DE TRABALHO MEDICO,PR,Cooperativa MÃ©dica,73803604658,24601201552.67,14359248473.19
336106,66872888000160,UNIMED DE MARILIA COOPERATIVA DE TRABALHO MÃDICO,SP,Cooperativa MÃ©dica,71656430299,23885476766.33,12220214291.52
320706,32440968000125,UNIMED SUL CAPIXABA COOPERATIVA DE TRABALHO MÃDICO,ES,Cooperativa MÃ©dica,68913778181,22971259393.67,14157341835.46
364312,45272366000158,UNIMED DE ARARAQUARA - COOP. DE TRAB. MÃDICO,SP,Cooperativa MÃ©dica,68435306030,22811768676.67,12821321982.45
335479,29135795000127,UNIMED NOVA FRIBURGO-SOC.COOP.SERV.MED.HOSP.LTDA.,RJ,Cooperativa MÃ©dica,67912181069,22637393689.67,10839042949.54
367087,87158507000156,COOPERATIVA CENTRAL UNIMED DE COOPERATIVAS DE ASSISTÃNCIA Ã SAÃDE DO RIO GRANDE DO SUL LTDA.,RS,Cooperativa MÃ©dica,66801960123,22267320041.00,11751265565.05
323268,40853020000120,UNIMED VALE DO SÃO FRANCISCO COOPERATIVA DE TRABALHO MÃDICO,PE,Cooperativa MÃ©dica,64922065061,21640688353.67,10211891652.35
355151,75054940000162,FUNDAÃÃO COPEL DE PREVIDÃNCIA E ASSISTÃNCIA SOCIAL,PR,AutogestÃ£o,63755387908,21251795969.33,11229902400.42
354783,45309606000141,UNIMED FRANCA - SOCIEDADE COOPERATIVA DE SERVIÃOS MÃDICOS E HOSPITALARES,SP,Cooperativa MÃ©dica,63133870344,21044623448.00,11331803651.02
329339,82996703000186,UNIMED DE CRICIÃMA COOPERATIVA DE TRABALHO MÃDICO DA REGIÃO CARBONÃFERA,SC,Cooperativa MÃ©dica,62841792423,20947264141.00,11083949263.84
392804,00773639000100,CENTRO CLÃNICO GAÃCHO LTDA,CE,Medicina de Grupo,61301490468,20433830156.00,10865308718.53
354295,85283299000191,UNIMED CHAPECÃ - COOPERATIVA DE TRABALHO MÃDICO DA REGIÃO OESTE CATARINENSE,SC,Cooperativa MÃ©dica,60396352080,20132117360.00,8656382239.87
342611,49320799000192,ECONOMUS INSTITUTO DE SEGURIDADE SOCIAL,SP,AutogestÃ£o,60342013779,20114004593.00,10982482225.55
311847,49210966000142,UNIMED REGIONAL DA BAIXA MOGIANA - COOPERATIVA DE TRABALHO MÃDICO,SP,Cooperativa MÃ©dica,59893280214,19964426738.00,12105002462.55
340952,24449225000198,UNIMED CARUARU-COOPERATIVA DE TRABALHO MEDICO,PE,Cooperativa MÃ©dica,59759057736,19919685912.00,12800727410.13
422339,36503186000149,LEVE SAUDE OPERADORA DE PLANOS DE SAUDE S.A,RJ,Medicina de Grupo,59374442574,19791480858.00,11339111904.90
303267,56727134000163,UNIMED JUNDIAI - COOPERATIVA DE TRABALHO MÃDICO,SP,Cooperativa MÃ©dica,59292171645,19764057215.00,9017769507.85
337188,21490586000190,COOPERATIVA DE TRABALHO MÃDICO DE POUSO ALEGRE,MG,Cooperativa MÃ©dica,58501209529,19500403176.33,10942601414.19
367095,84537141000138,SAMEL PLANO DE SAÃDE LTDA,AM,Medicina de Grupo,57607057251,19202352417.00,10079552763.64
421928,34266553000102,ALICE OPERADORA LTDA.,SP,Medicina de Grupo,57395039125,19131679708.33,11863454634.96
344397,28714533000154,UNIMED NOVA IGUACU COOPERATIVA DE TRABALHO MEDICO,RJ,Cooperativa MÃ©dica,56461918942,18820639647.33,10061246536.88
417505,12055813000168,CEMIG SAÃDE,MG,AutogestÃ£o,56306412290,18768804096.67,12503956666.98
321958,10395358000114,UNIMED DO CEARÃ - FEDERAÃÃO DAS SOCIEDADES COOPERATIVAS MÃDICAS DO ESTADO DO CEARÃ LTDA.,CE,Cooperativa MÃ©dica,56253634814,18751211604.67,10040173680.29
418021,13001218000102,ASSOCIAÃÃO SANTA SAÃDE,SP,Medicina de Grupo,56088678665,18696226221.67,9903266444.56
348180,95642179000197,HUMANA SAÃDE LTDA.,PR,Medicina de Grupo,54793908272,18264636090.67,7613203473.62
326500,50739135000141,SOBAM CENTRO MÃDICO HOSPITALAR S.A.,SP,Medicina de Grupo,54178834566,18059611522.00,10415101565.91
369411,51093193000103,UNIMED DE ARACATUBA - COOPERATIVA DE TRABALHO MÃDICO,SP,Cooperativa MÃ©dica,52619117331,17539705777.00,9148367708.18
366561,02849393000138,BENSAUDE PLANO DE ASSISTENCIA MEDICA HOSPITALAR LTDA.,SP,Medicina de Grupo,51534630054,17178210018.00,8731409208.43
317233,42160192000143,FUNDAÃÃO CHESF DE ASSISTÃNCIA E SEGURIDADE SOCIAL,PE,AutogestÃ£o,51512808875,17170936291.67,9984850367.85
349682,01387625000110,DOCTOR CLIN OPERADORA DE PLANOS DE SAÃDE LTDA.,RS,Medicina de Grupo,50451719346,16817239782.00,13487583302.12
417530,11939445000158,ASSOCIAÃÃO DE SAÃDE PORTUGUESA DE BENEFICÃNCIA,SP,Medicina de Grupo,50448205578,16816068526.00,8827150769.60
000884,04463083000106,ITAUSEG SAÃDE S.A.,SP,Seguradora Especializada em SaÃºde,50008793385,16669597795.00,8432811381.89
419010,03518900000113,INSTITUTO CURITIBA DE SAÃDE,PR,AutogestÃ£o,49973879682,16657959894.00,17661916448.12
353060,38499547000156,UNIMED PATOS DE MINAS COOPERATIVA TRABALHO MÃDICO LTDA.,MG,Cooperativa MÃ©dica,49818427573,16606142524.33,9653711514.62
386588,42892281000184,UNIMED GOVERNADOR VALADARES COOP. DE TRABALHO MÃDICO LTDA.,MG,Cooperativa MÃ©dica,49229095691,16409698563.67,11875355735.25
418170,09433795000104,QUALLITY PRÃ SAÃDE PLANO DE ASSISTÃNCIA MÃDICA LTDA.,DF,Medicina de Grupo,49066543809,16355514603.00,6193002883.20
319708,87497368000195,UNIMED SANTA MARIA/RS - COOPERATIVA DE ASSISTÃNCIA Ã SAÃDE LTDA,RS,Cooperativa MÃ©dica,47858716230,15952905410.00,5236230985.77
367397,08707473000135,UNIMED CAMPINA GRANDE - COOPERATIVA DE TRABALHO MEDICO LTDA,PB,Cooperativa MÃ©dica,47754801061,15918267020.33,7865418755.12
422720,41077489000187,AMPLA PLANOS DE SAUDE LTDA,RJ,Medicina de Grupo,47428190532,23714095266.00,7706056592.83
301574,50480953000172,UNIMED DE LIMEIRA COOPERATIVA DE TRABALHO MÃDICO,SP,Cooperativa MÃ©dica,46894025712,15631341904.00,8314011731.97
307319,02315431000172,CAIXA DE ASSISTÃNCIA DOS EMPREGADOS DO BANCO DO ESTADO DO RIO GRANDE DO SUL,RS,AutogestÃ£o,46785727796,15595242598.67,8682835434.26
344800,62511019000150,ALVORECER - ASSOCIAÃÃO DE SOCORROS MÃTUOS,SP,Medicina de Grupo,46448387921,15482795973.67,7816324879.17
416568,08202035000115,ASSOCIAÃÃO DE ASSISTÃNCIA Ã SAÃDE DOS EMPREGADOS DA COPASA,MG,AutogestÃ£o,46231027758,15410342586.00,8147844080.45
350249,02668512000156,H.B. SAÃDE S/A.,SP,Medicina de Grupo,45729548286,15243182762.00,10747889981.69
337374,05657234000120,UNIMED PORTO VELHO - SOCIEDADE COOPERATIVA MÃDICA LTDA,RO,Cooperativa MÃ©dica,45505846194,15168615398.00,7984060800.69
345598,65422339000121,UNIMED AMPARO COOPERATIVA DE TRABALHO MÃDICO,SP,Cooperativa MÃ©dica,44829767950,14943255983.33,8627164555.33
420077,60961422000155,"SERVIÃO SOCIAL DA INDÃSTRIA DO PAPEL, PAPELÃO E CORTIÃA DO ESTADO DE SÃO PAULO - SEPACO",SP,AutogestÃ£o,44797811439,14932603813.00,8007721721.94
346276,58837188000107,UNIMED SALTO/ITU - COOPERATIVA MÃDICA,SP,Cooperativa MÃ©dica,43896460598,14632153532.67,8152704950.48
333662,15395999000192,UNIMED DE DOURADOS COOPERATIVA DE TRABALHO MÃDICO LTDA,MS,Cooperativa MÃ©dica,43595583035,14531861011.67,8917096282.07
364860,85241339000132,UNIMED DE TUBARAO - COOPERATIVA DE TRABALHO MEDICO DA REGIAO DA AMUREL,SC,Cooperativa MÃ©dica,42913234442,14304411480.67,6066031521.71
320251,37275625000176,UNIMED RIO VERDE COOPERATIVA TRABALHO MEDICO,GO,Cooperativa MÃ©dica,42566216987,14188738995.67,8362761979.34
314099,02597394000132,UNIMED VALE DO SEPOTUBA - COOPERATIVA DE TRABALHO MÃDICO,MT,Cooperativa MÃ©dica,42340496594,14113498864.67,8509723814.04
326861,15214919000155,PROMÃDICA - PROTEÃÃO MEDICA A EMPRESAS S.A.,BA,Medicina de Grupo,42247057451,14082352483.67,7786782671.34
319384,87607149000111,UNIMED PLANALTO MÃDIO/RS - COOPERATIVA DE ASSISTÃNCIA Ã SAÃDE LTDA.,RS,Cooperativa MÃ©dica,42232212553,14077404184.33,7062244512.08
352683,40294225000112,UNIMED DE CAMPOS COOPERATIVA DE TRABALHO MÃDICO,RJ,Cooperativa MÃ©dica,42068187348,14022729116.00,5765866669.40
423173,44477823000188,INTEGRA ASSISTENCIA MEDICA SA,SP,Medicina de Grupo,41645571172,13881857057.33,5584053234.02
333051,74466137000172,UNIMED DE GUARULHOS COOPERATIVA DE TRABALHO MÃDICO,SP,Cooperativa MÃ©dica,41573586302,13857862100.67,7972079346.39
421421,27452545000195,2CARE OPERADORA DE SAÃDE LTDA.,SP,Medicina de Grupo,41100761985,13700253995.00,7253071131.84
310247,88645403000139,CIRCULO OPERARIO CAXIENSE,RS,Medicina de Grupo,40864395017,13621465005.67,6693038534.12
371106,78931391000155,UNIMED COSTA OESTE - COOPERATIVA DE TRABALHO MÃDICO,PR,Cooperativa MÃ©dica,40517895210,13505965070.00,8436659144.38
347507,00697509000135,UNIMED CENTRO RONDÃNIA COOPERATIVA DE TRABALHO MÃDICO,RO,Cooperativa MÃ©dica,40489107213,13496369071.00,8148063733.27
359777,24676884000167,UNIMED RONDONOPOLIS COOPERATIVA DE TRABALHO MÃDICO LTDA,MT,Cooperativa MÃ©dica,40479876148,13493292049.33,6445742386.67
360244,02864364000145,PLANO DE SAÃDE ANA COSTA LTDA.,SP,Medicina de Grupo,40236625637,13412208545.67,9262500435.40
415111,04299138000194,BIOVIDA SAÃDE LTDA.,SP,Medicina de Grupo,39846048234,13282016078.00,6981409803.22
358088,53678264000165,UNIMED LESTE PAULISTA COOPERATIVA DE TRABALHO MÃDICO,SP,Cooperativa MÃ©dica,39492493556,13164164518.67,7551245630.19
380661,44857357000166,METRUS INSTITUTO DE SEGURIDADE SOCIAL,SP,AutogestÃ£o,39041442646,13013814215.33,12817383753.31
356123,07583396000196,UNIMED DO CARIRI - SOCIEDADE COOPERATIVA MÃDICA LTDA,CE,Cooperativa MÃ©dica,38686012013,12895337337.67,6624653592.23
324361,42182170000184,CAIXA DE ASSISTÃNCIA Ã SAÃDE - CABERJ,RJ,Medicina de Grupo,38619867705,12873289235.00,5138459430.18
350371,16415598000110,UNIMED DO SUDOESTE COOPERATIVA DE TRABALHO MEDICO LTDA,BA,Cooperativa MÃ©dica,38549998838,12849999612.67,5888458737.92
342556,87547444000120,ASSOCIAÃÃO DR. BARTHOLOMEU TACCHINI,RS,Filantropia,38432132649,12810710883.00,7262032466.13
304883,45425899000122,UNIMED DE BOTUCATU COOPERATIVA DE TRABALHO MÃDICO,SP,Cooperativa MÃ©dica,38408405253,12802801751.00,7603130695.23
306762,02322043000119,UNIMED REGIONAL JAU - COOPERATIVA DE TRABALHO MÃDICO,SP,Cooperativa MÃ©dica,37997110560,12665703520.00,5747936264.47
331341,60633369000163,UNIMED DE BEBEDOURO COOPERATIVA DE TRABALHO MÃDICO,SP,Cooperativa MÃ©dica,37823550774,12607850258.00,6813419598.10
311375,89870547000151,UNIMED PELOTAS/RS - COOPERATIVA DE ASSISTÃNCIA Ã SAÃDE LTDA.,RS,Cooperativa MÃ©dica,37442905511,12480968503.67,7693542279.52
422029,34539000000186,KLINI PLANOS DE SAÃDE LTDA,RJ,Medicina de Grupo,37442349723,12480783241.00,7118941835.84
348082,54012406000113,UNIMED ANHANGUERA COOPERATIVA DE TRABALHO MÃDICO,SP,Cooperativa MÃ©dica,37410703555,12470234518.33,7003553652.05
371629,39384664000137,UNIMED NOROESTE CAPIXABA COOPERATIVA DE TRABALHO MÃDICO.,ES,Cooperativa MÃ©dica,36819934458,12273311486.00,6582782737.90
372609,02862447000103,NOSSA SAÃDE - OPERADORA PLANOS PRIVADOS DE ASSISTÃNCIA  Ã SAÃDE LTDA.,PR,Medicina de Grupo,36185367038,12061789012.67,6790929948.42
312347,26629238000174,UNIMED ANÃPOLIS COOPERATIVA DE TRABALHO MÃDICO.,GO,Cooperativa MÃ©dica,36151050463,12050350154.33,6963064868.02
411752,03849449000117,ASSOCIAÃÃO ASSISTENCIAL DE SAÃDE SUPLEMENTAR CRUZ AZUL SAÃDE,SP,Medicina de Grupo,35498647053,11832882351.00,5611660318.40
309907,37313475000148,UNIMED PALMAS COOPERATIVA DE TRABALHO MÃDICO,TO,Cooperativa MÃ©dica,34566557940,11522185980.00,5975843239.85
326755,78613841000161,ASSOCIAÃÃO EVANGELICA BENEFICENTE DE LONDRINA,PR,Filantropia,33743588622,11247862874.00,7006732653.44
344729,17845504000105,UNIMED VARGINHA COOPERATIVA DE TRABALHO MÃDICO,MG,Cooperativa MÃ©dica,33269599528,11089866509.33,5279721748.89
327417,59847780000152,AUSTACLINICAS ASSISTÃNCIA MÃDICA E HOSPITALAR LTDA,SP,Medicina de Grupo,33074880579,11024960193.00,5473376235.16
317632,62635990000191,ASSOCIACAO DOS AUDITORES FISCAIS DA RECEITA ESTADUAL DE SAO PAULO,SP,AutogestÃ£o,33073636706,11024545568.67,6805666403.39
379280,00846662000187,LIV LINHAS INTELIGENTES DE ATENÃÃO Ã VIDA S/A,SP,Medicina de Grupo,32494159381,10831386460.33,5591646736.41
306126,44663631000166,UNIMED DE RIO CLARO SP COOPERATIVA DE TRABALHO MEDICO,SP,Cooperativa MÃ©dica,32325255377,10775085125.67,5962718424.40
348830,00338763000147,PLENA SAÃDE S.A.,SP,Medicina de Grupo,32276335326,10758778442.00,5919910191.79
357260,87647756000105,UNIMED NOROESTE/RS - SOCIEDADE COOPERATIVA DE ASSISTÃNCIA Ã SAÃDE LTDA.,RS,Cooperativa MÃ©dica,32124247321,10708082440.33,5613458638.50
315044,82956996000178,FUNDAÃÃO CELESC DE SEGURIDADE SOCIAL - CELOS,SC,AutogestÃ£o,31915039014,10638346338.00,4994076840.37
370681,80871551000160,UNIMED PATO BRANCO SOCIEDADE COOPERATIVA DE MÃDICOS,PR,Cooperativa MÃ©dica,31881043926,10627014642.00,6649571955.34
335215,00111826000128,UNIMED ARARUAMA COOPERATIVA DE TRABALHO MÃDICO LTDA,RJ,Cooperativa MÃ©dica,31524105272,10508035090.67,6304758557.12
338648,77375897000162,FUNDAÃÃO SANEPAR DE ASSISTÃNCIA SOCIAL,PR,AutogestÃ£o,31474389235,10491463078.33,4506835835.79
416401,08097092000181,CAIXA DE ASSISTÃNCIA DOS EMPREGADOS DA EMPRESA BRASILEIRA DE PESQUISA  AGROPECUÃRIA,DF,AutogestÃ£o,31022479405,10340826468.33,7342966946.75
324493,69259356000140,S.P.A SAUDE- SISTEMA DE PROMOÃÃO ASSISTENCIAL,SP,AutogestÃ£o,30713224492,10237741497.33,7178879992.80
324477,30036685000197,CAIXA DE PREVIDÃNCIA E ASSISTÃNCIA DOS SERVIDORES DA FUNDAÃÃO NACIONAL DE SAÃDE - CAPESESP,RJ,AutogestÃ£o,30643982488,10214660829.33,7359343496.59
418374,11828089000103,LUMINAR SAÃDE - ASSOCIAÃÃO DE ASSISTÃNCIA Ã SAÃDE,DF,AutogestÃ£o,29947537009,9982512336.33,4542894393.27
310522,02752923000125,PROASA SAÃDE,DF,Medicina de Grupo,29925126024,9975042008.00,8624862683.94
351407,45118429000116,UNIMED DE CATANDUVA - COOPERATIVA DE TRABALHO MÃDICO,SP,Cooperativa MÃ©dica,29627509683,9875836561.00,5240253061.21
409243,03424929000136,SAUDE PAS - MEDICINA E ODONTO,RS,AutogestÃ£o,28617298383,9539099461.00,4979336394.30
300713,54991211000162,UNIMED DE ASSIS COOPERATIVA DE TRABALHO MÃDICO,SP,Cooperativa MÃ©dica,28394025444,9464675148.00,4636589108.72
352543,07057185000110,UNIMED MARANHÃO DO SUL - COOPERATIVA DE TRABALHO MÃDICO,MA,Cooperativa MÃ©dica,27962027498,9320675832.67,5374363049.42
314668,17505793000101,ABERTTA SAÃDE - ASSOCIAÃÃO BENEFICENTE DOS EMPREGADOS DA ARCELORMITTAL NO BRASIL,MG,AutogestÃ£o,27831223530,9277074510.00,3600386372.83
322571,78044815000160,UNIMED GUARAPUAVA COOPERATIVA DE TRABALHO MÃDICO,PR,Cooperativa MÃ©dica,27626699870,9208899956.67,5239125666.73
316881,66343559000122,UNIMED TEOFILO OTONI COOPERATIVA DE TRABALHO MÃDICO,MG,Cooperativa MÃ©dica,27460256706,9153418902.00,4895425114.41
420166,24645912000189,PLANO DE SAÃDE DA SANTA CASA DE BRAGANÃA PAULISTA,SP,Medicina de Grupo,27322244462,9107414820.67,4619224154.53
306100,81715716000177,UNIMED REGIONAL DE CAMPO MOURÃO COOP TRAB MEDICO ,PR,Cooperativa MÃ©dica,27190557427,9063519142.33,5984257289.11
357138,01608379000180,UNIMED CENTRO OESTE PAULISTA - FEDERAÃÃO INTRAFEDERATIVA DAS COOPERATIVAS MÃDICAS,SP,Cooperativa MÃ©dica,26925223462,8975074487.33,3079184928.93
316148,41781949000153,UNIMED POÃOS DE CALDAS - SOC. COOP. DE TRAB. E SERVIÃOS MÃDICOS,MG,Cooperativa MÃ©dica,26919367249,8973122416.33,4519100826.76
311715,73936395000102,UNIMED ENCOSTA DA SERRA/RS SOCIEDADE COOPERATIVA DE SERVIÃOS DE SAÃDE LTDA.,RS,Cooperativa MÃ©dica,26829935100,8943311700.00,4509594932.96
323993,28806545000109,UNIMED PETROPOLIS-RJ COOPERATIVA DE TRABALHO MÃDICO,RJ,Cooperativa MÃ©dica,26812792723,8937597574.33,4490120065.89
311294,51427540000197,UNIMED DE OURINHOS - COOPERATIVA DE TRABALHO MÃDICO,SP,Cooperativa MÃ©dica,26711343210,8903781070.00,4925247147.75
414581,04745753000187,UNIÃO MÃDICA PLANOS DE SAÃDE S/A,BA,Medicina de Grupo,26127078574,8709026191.33,3936872554.77
328294,01559455000104,UNIMED NORDESTE PAULISTA - FED. INTRAFEDERATIVA DAS COOP. MÃDICAS,SP,Cooperativa MÃ©dica,26092276070,8697425356.67,5167753765.56
337871,84313741000112,UNIMED RIO BRANCO COOPERATIVA DE TRABALHO MEDICO LTDA,AC,Cooperativa MÃ©dica,25909737282,8636579094.00,5000962181.17
324345,97388490000187,UNIMED COSTA DO DESCOBRIMENTO COOPERATIVA DE TRABALHO MÃDICO,BA,Cooperativa MÃ©dica,25595044326,8531681442.00,4330975593.01
415774,07844436000106,CABERJ INTEGRAL SAÃDE S.A,RJ,Medicina de Grupo,25517751725,8505917241.67,4508302915.12
344362,96509690000188,SÃO LUCAS SAÃDE S/A,SP,Medicina de Grupo,25276007513,8425335837.67,5656511658.27
313211,87306361000149,UNIMED VALE DO CAÃ/RS - COOPERATIVA DE ASSISTÃNCIA Ã SAÃDE LTDA.,RS,Cooperativa MÃ©dica,24685854075,8228618025.00,5023483608.34
415693,04202013000102,POLICLIN SAÃDE S/A.,SP,Medicina de Grupo,24653967224,8217989074.67,4236694501.73
303739,64924095000112,SERMED-SAÃDE LTDA.,SP,Medicina de Grupo,24303586905,8101195635.00,2618337832.20
414310,04859814000137,SAÃDE BRB - CAIXA DE ASSISTÃNCIA ,DF,AutogestÃ£o,24061241210,8020413736.67,4504962396.30
361615,75003525000180,UNIMED DE PARANAGUÃ COOPERATIVA DE TRABALHO MÃDICO,PR,Cooperativa MÃ©dica,24026297897,8008765965.67,4261034398.09
371777,35988963000120,UNIMED NORTE CAPIXABA- COOPERATIVA DE TRABALHO MÃDICO,ES,Cooperativa MÃ©dica,23901637057,7967212352.33,2859605867.24
345709,21839519000138,UNIMED CONSELHEIRO LAFAIETE COOPERATIVA DE TRABALHO MÃDICO LTDA,MG,Cooperativa MÃ©dica,23889970206,7963323402.00,3533397784.88
348244,01554266000149,UNIMED DE BRUSQUE COOPERATIVA DE TRABALHO MÃDICO,SC,Cooperativa MÃ©dica,23810366302,7936788767.33,2904941812.25
414492,04558034000157,LIFE EMPRESARIAL SAÃDE LTDA.,SP,Medicina de Grupo,23802640408,7934213469.33,2844048857.98
342807,21575709000195,SANTA CASA DE MISERICÃRDIA DE JUIZ DE FORA,MG,Filantropia,23793384481,7931128160.33,4030907253.29
330264,29290152000158,UNIMED DE BARRA MANSA SOC. COOP. SERV.MED.E HOSPIT.,RJ,Cooperativa MÃ©dica,23422683543,7807561181.00,4769843954.98
422053,33922160000147,ASSOCIAÃÃO FCA SAÃDE,MG,AutogestÃ£o,23395030090,7798343363.33,4328557507.40
311618,87701249000102,UNIMED MISSÃES/RS - COOPERATIVA DE ASSISTÃNCIA Ã SAÃDE LTDA.,RS,Cooperativa MÃ©dica,23316915529,7772305176.33,4174823950.30
318388,74521188000150,UNIMED DE SÃO ROQUE - COOPERATIVA DE TRABALHO MÃDICO,SP,Cooperativa MÃ©dica,23190991553,7730330517.67,4621376527.98
330108,26189530000113,UNIMED CURVELO COOPERATIVA DE TRABALHO MÃDICO LTDA.,MG,Cooperativa MÃ©dica,23114416420,7704805473.33,4607477139.80
385255,01445199000124,UNIHOSP SAÃDE LTDA,SP,Medicina de Grupo,22826562757,7608854252.33,4378899618.35
331651,25910449000118,UNIMED ARAXÃ COOPERATIVA DE TRABALHO MÃDICO LTDA.,MG,Cooperativa MÃ©dica,22714323675,7571441225.00,4221482373.54
304051,16921561000163,UNIMED MONTES CLAROS COOPERATIVA DE  TRABALHO MÃDICO LTDA.,MG,Cooperativa MÃ©dica,22521769979,7507256659.67,4004018714.67
356476,79831608000118,SIM - CAIXA DE ASSISTÃNCIA Ã SAÃDE,SC,AutogestÃ£o,22405080940,7468360313.33,4015510824.22
346209,42043067000153,UNIMED EXTREMO SUL COOPERATIVA DE TRABALHO MÃDICO,BA,Cooperativa MÃ©dica,22388736619,7462912206.33,3731894588.89
316873,73395469000140,CAIXA DE ASSISTENCIA A SAUDE DA UNIVERSIDADE,MG,AutogestÃ£o,22276999007,7425666335.67,4014486224.57
354562,54370630000187,IRMANDADE DA SANTA CASA DE MISERICÃRDIA DE PIRACICABA,SP,Filantropia,22133972881,7377990960.33,2875395102.36
323357,27626696000112,UNIMED CABO FRIO COOPERATIVA TRABALHO MÃDICO LTDA.,RJ,Cooperativa MÃ©dica,22106065793,7368688597.67,3941097708.70
418285,12838821000180,FUNDAÃÃO FIAT SAÃDE E BEM ESTAR,MG,AutogestÃ£o,21863866549,7287955516.33,5633471653.81
324566,01193663000132,UNIMED DE CATALÃO COOPERATIVA DE TRABALHO MÃDICO,GO,Cooperativa MÃ©dica,21725849914,7241949971.33,3627702460.63
312592,30417661000188,UNIMED NORTE FLUMINENSE COOPERATIVA DE TRABALHO MEDICO,RJ,Cooperativa MÃ©dica,21479524013,7159841337.67,4343769073.01
342343,47565155000139,UNIMED DE PINDAMONHANGABA - COOPERATIVA TRABALHO MEDICO,SP,Cooperativa MÃ©dica,21475167998,7158389332.67,3817966733.62
417297,11593821000103,ELOSAÃDE - ASSOCIAÃÃO DE ASSISTÃNCIA Ã SAÃDE,SC,AutogestÃ£o,21337924396,7112641465.33,3648504539.09
354511,02774736000142,OPERADORA UNIESTE DE PLANOS DE SAÃDE LTDA,RJ,Medicina de Grupo,21328761681,7109587227.00,3074351094.23
304468,37436920000167,UNIMED BARRA DO GARÃAS - COOPERATIVA DE TRABALHO MÃDICO,MT,Cooperativa MÃ©dica,21172351850,7057450616.67,3801797165.26
300136,00103956000119,UNIMED LITORAL SUL/RS - COOPERATIVA DE ASSISTÃNCIA Ã SAÃDE LTDA.,RS,Cooperativa MÃ©dica,21085848002,7028616000.67,3870064600.75
330566,68709211000131,UNIMED RESENDE COOPERATIVA DE TRABALHO MÃDICO,RJ,Cooperativa MÃ©dica,20883000553,6961000184.33,4038024805.47
318299,83506030000100,BENEFICENCIA CAMILIANA DO SUL,SP,Filantropia,20819446751,10409723375.50,5588045984.89
406554,83367342000171,ASSOCIAÃÃO ADVENTISTA NORTE BRASILEIRA DE PREVENÃÃO E ASSISTÃNCIA A SAÃDE,PA,Filantropia,20794524066,6931508022.00,3429383146.55
318566,35642768000143,UNIMED METROPOLITANA DO AGRESTE - COOPERATIVA DE TRABALHO MÃDICO,AL,Cooperativa MÃ©dica,20716157636,6905385878.67,3077646207.96
419141,14946109000120,ASSOCIAÃÃO SÃO FRANCISCO VIDA,SP,Medicina de Grupo,20524437369,6841479123.00,4260222751.86
417947,10935483000170,ASSOCIAÃÃO DA SANTA CASA SAÃDE DE RIBEIRÃO PRETO,SP,Medicina de Grupo,20197738910,6732579636.67,3408427392.93
418650,30460075000116,MÃTUA DOS MAGISTRADOS DO ESTADO DO RIO DE JANEIRO,RJ,AutogestÃ£o,20031270982,6677090327.33,5692073040.65
334154,48721401000167,UNIMED DE CAÃAPAVA - COOPERATIVA DE TRABALHO MEDICO,SP,Cooperativa MÃ©dica,19852777650,6617592550.00,3608404563.41
414352,05011316000100,HBC SAÃDE LTDA.,SP,Medicina de Grupo,19828837263,6609612421.00,3483775239.08
358096,81064511000179,UNIMED APUCARANA COOPERATIVA DE TRABALHO MÃDICO,PR,Cooperativa MÃ©dica,19704301544,6568100514.67,3758319754.75
315567,00660903000107,FUNDAÃÃO AFFEMG DE ASSISTÃNCIA E SAÃDE - FUNDAFFEMG,MG,AutogestÃ£o,19593931163,6531310387.67,2828106427.73
372561,00381694000154,UNIMED ALTO VALE - COOPERATIVA DE TRABALHO MÃDICO,SC,Cooperativa MÃ©dica,19354240669,6451413556.33,3488225286.37
307751,12585261000108,FUNDAÃAO COMPESA DE PREVIDENCIA E ASSISTENCIA - COMPESAPREV,PE,AutogestÃ£o,19345018637,6448339545.67,3509212254.08
320862,81076069000109,UNIMED DE PARANAVAÃ COOPERATIVA DE TRABALHO MÃDICO,PR,Cooperativa MÃ©dica,19295193587,6431731195.67,3172808940.99
305227,78420783000150,UNIMED OESTE DO PARANA - COOPERATIVA DE TRABALHO MEDICO,PR,Cooperativa MÃ©dica,19244671193,6414890397.67,3530705400.85
336831,79115762000193,IRMANDADE SANTA CASA DE MISERICÃRDIA DE MARINGÃ,PR,Filantropia,19090656933,6363552311.00,4648578109.47
304395,22720791000167,UNIMED INCONFIDENTES COOPERATIVA DE TRABALHO MÃDICO LTDA.,MG,Cooperativa MÃ©dica,18496316181,6165438727.00,3518864173.08
342386,03980208000102,UNIMED REGIONAL DE TRES LAGOAS COOPERATIVA DE TRABALHO MÃDICO,MS,Cooperativa MÃ©dica,18191441007,6063813669.00,3448026931.59
335754,14799035000147,ASSOCIAÃÃO DOS SERVIDORES FISCAIS DO ESTADO DA BAHIA,BA,AutogestÃ£o,18034227311,6011409103.67,3242378235.27
325031,67417519000140,UNIMED DE LENÃOIS PAULISTA - COOPERATIVA DE TRABALHO MÃDICO,SP,Cooperativa MÃ©dica,18023065229,6007688409.67,3476304037.29
327557,83937631000169,CAIXA ASSISTENCIAL E BENEFICENTE DOS FUNCIONÃRIOS DA ACARESC,SC,AutogestÃ£o,17933312018,5977770672.67,2995669928.02
305472,33546979000157,UNIMED REGIONAL SUL GOIAS COOP. DE TRABALHO MÃDICO LTDA,GO,Cooperativa MÃ©dica,17921061150,5973687050.00,2617604734.96
301744,01356020000162,UNIMED MEIO OESTE CATARINENSE COOPERATIVA DE TRABALHO MÃDICO,SC,Cooperativa MÃ©dica,17884093959,5961364653.00,2454898690.56
417548,03033006000153,CAIXA DE ASSISTÃNCIA OSWALDO CRUZ,RJ,AutogestÃ£o,17784325271,5928108423.67,2926371593.27
309087,25810946000144,UNIMED BARBACENA - COOPERATIVA DE TRABALHO MÃDICO LTDA,MG,Cooperativa MÃ©dica,17700192348,5900064116.00,3031786087.07
401081,68668045000172,AMESC - ASSOCIAÃÃO MÃDICA ESPÃRITA CRISTÃ,RJ,Medicina de Grupo,17643030482,5881010160.67,2786290430.65
368148,25971433000115,UNIMED MURIAÃ COOPERATIVA DE TRABALHO MEDICO LTDA,MG,Cooperativa MÃ©dica,17359658073,5786552691.00,3457815375.53
358053,37035441000139,SELECT OPERADORA DE PLANO DE SAUDE LTDA,GO,Medicina de Grupo,17306221355,5768740451.67,4875265398.99
347655,56384183000140,IRMANDADE DA SANTA CASA DE MISERICÃRDIA DE RIO CLARO,SP,Filantropia,17255046222,5751682074.00,4011342198.08
311961,04612990000170,UNIMED DE MANAUS COOP. DO TRABALHO MÃDICO LTDA,AM,Cooperativa MÃ©dica,17245255945,5748418648.33,3959164793.81
311359,00304148000110,FUNDAÃÃO DE SAÃDE ITAIGUAPY,PR,Medicina de Grupo,17240773375,5746924458.33,3159023328.12
365777,81710865000143,UNIMED NOROESTE DO PARANÃ COOP DE TRABALHO MÃDICO .,PR,Cooperativa MÃ©dica,17078572962,5692857654.00,2560855973.41
415014,06091170000105,UNIMED OS BANDEIRANTES COOPERATIVA DE TRABALHO MÃDICO,SP,Cooperativa MÃ©dica,16945966265,5648655421.67,2934291779.70
335517,65276354000109,UNIMED ITABIRA COOPERATIVA DE TRABALHO MÃDICO,MG,Cooperativa MÃ©dica,16830035884,5610011961.33,3142472994.86
361941,00006037000127,UNIMED DE TATUI - COOPERATIVA DE TRABALHO MÃDICO,SP,Cooperativa MÃ©dica,16767498467,5589166155.67,2914189268.88
386596,00366982000130,CENTRAL REGIONAL DAS COOPERATIVAS MÃDICAS - UNIMED CERRADO,GO,Cooperativa MÃ©dica,16758035962,5586011987.33,4423588625.95
359122,63367700000139,CAIXA DE ASSISTÃNCIA DOS SERVIDORES FAZENDÃRIOS ESTADUAIS,CE,AutogestÃ£o,16710848468,5570282822.67,2803868176.71
318213,85246916000189,COOPERATIVA DE TRABALHO MEDICO REGIÃO DO PLANALTO SERRANO,SC,Cooperativa MÃ©dica,16701381959,5567127319.67,3223943851.57
323926,25329079000120,UNIMED SÃO JOÃO DEL REI - COOPERATIVA DE TRABALHO MÃDICO,MG,Cooperativa MÃ©dica,16421053303,5473684434.33,2943471764.64
359289,16991945000152,UNIMED VALE DO AÃO COOPERATIVA DE TRABALHO MÃDICO,MG,Cooperativa MÃ©dica,16307298951,8153649475.50,5736200788.08
345458,66477217000103,UNIMED LAVRAS COOPERATIVA DE TRABALHO MÃDICO,MG,Cooperativa MÃ©dica,16227941953,5409313984.33,2806127123.95
420158,23869306000184,ASSOCIAÃÃO PADRE ALBINO SAÃDE,SP,Medicina de Grupo,16173383045,5391127681.67,3666903529.28
385620,48717516000188,UNIMED DE LORENA COOPERATIVA DE TRABALHO MÃDICO,SP,Cooperativa MÃ©dica,16116116747,5372038915.67,2827580457.31
329886,72783970000111,UNIMED DE JABOTICABAL COOP. DE TRABALHO MÃDICO,SP,Cooperativa MÃ©dica,16056346491,5352115497.00,3056708604.20
357022,87638334000173,UNIMED ERECHIM - COOPERATIVA DE SERVIÃOS DE SAÃDE LTDA.,RS,Cooperativa MÃ©dica,16034115789,5344705263.00,2186272779.67
382540,31240963000196,ASSOCIAÃÃO BENEFICENTE DOS PROFESSORES PÃBLICOS ATIVOS E INATIVOS DO RIO DE JANEIRO - APPAI,RJ,Medicina de Grupo,15922981343,5307660447.67,2969074394.13
352314,66191263000133,UNIMED JOÃO MONLEVADE COOPERATIVA DE TRABALHO MÃDICO LTDA.,MG,Cooperativa MÃ©dica,15822421456,5274140485.33,2584769604.88
366064,78953023000108,UNIMED NORTE PIONEIRO - COOPERATIVA DE TRABALHO MÃDICO,PR,Cooperativa MÃ©dica,15776896501,5258965500.33,2919296392.16
363855,37382009000114,CAIXA DE ASSISTÃNCIA DOS EMPREGADOS DA SANEAGO,GO,AutogestÃ£o,15738282788,5246094262.67,2703465772.62
320897,39210844000100,UNIMED CENTRO SUL FLUMINENSE COOPERATIVA DE TRABALHO MÃDICO,RJ,Cooperativa MÃ©dica,15709645062,5236548354.00,3398854962.21
354279,71695746000105,UNIMED DE LINS - COOPERATIVA DE TRABALHOS MÃDICOS,SP,Cooperativa MÃ©dica,15630174680,5210058226.67,2024572036.25
304344,42940528000190,UNIMED PARÃ DE MINAS COOPERATIVA DE TRABALHO MÃDICO LTDA.,MG,Cooperativa MÃ©dica,15505723471,5168574490.33,2719475178.11
350699,00950062000164,CENTRO HOSPITALAR ATIBAIA LTDA.,SP,Medicina de Grupo,15492692505,5164230835.00,4279077110.08
330809,31787625000179,FUNDAÃÃO DE SEGURIDADE SOCIAL DA ARCELORMITTAL BRASIL - FUNSSEST,ES,AutogestÃ£o,15438427706,5146142568.67,2278444260.90
340251,80653975000158,UNIMED EXTREMO OESTE CATARINENSE COOPERATIVA DE TRABALHO MÃDICO,SC,Cooperativa MÃ©dica,15288401690,5096133896.67,2234448067.60
352179,87689527000153,UNIMED FRONTEIRA NOROESTE/RS - COOPERATIVA DE ASSISTÃNCIA Ã SAÃDE LTDA.,RS,Cooperativa MÃ©dica,15250639925,5083546641.67,2672689732.15
406481,03273825000178,METLIFE PLANOS ODONTOLÃGICOS LTDA.,SP,Odontologia de Grupo,14810653203,4936884401.00,2552595799.67
421197,08225953000160,SANTA CASA DE MAUÃ SAÃDE,SP,Medicina de Grupo,14753190001,4917730000.33,2606320514.63
318477,02888465000156,OPERADORA UNICENTRAL DE PLANOS DE SAÃDE LTDA.,SP,Medicina de Grupo,14594599065,4864866355.00,2044611378.30
416738,08708980000193,OESTE SAÃDE ASSISTÃNCIA A SAÃDE SUPLEMENTAR S.A,SP,Medicina de Grupo,14558581789,4852860596.33,3466033071.58
421341,04574626000162,CAIXA DE ASSISTÃNCIA Ã SAÃDE DOS SERVIDORES PÃBLICOS DO ESTADO DO MATO GROSSO DO SUL,MS,AutogestÃ£o,14494685964,4831561988.00,2724230353.26
324159,57214900000159,UNIMED ALTA MOGIANA COOPERATIVA DE TRABALHO MÃDICO,SP,Cooperativa MÃ©dica,14218716981,4739572327.00,2508854460.98
325236,66854779000110,ASSISTÃNCIA MÃDICA SÃO MIGUEL LTDA,SP,Medicina de Grupo,14201408389,4733802796.33,2560340867.44
422398,36567721000125,SAMI ASSISTÃNCIA MÃDICA LTDA,SP,Medicina de Grupo,14157789737,4719263245.67,2316193429.79
337498,00946953000147,UNIMED TRÃS RIOS COOPERATIVA DE TRABALHO MÃDICO,RJ,Cooperativa MÃ©dica,14052052480,4684017493.33,2557617412.20
414930,05029064000139,SAÃDE SANTA TEREZA LTDA.,SP,Medicina de Grupo,13778726366,4592908788.67,3266736807.57
422070,34844263000107,ELETROS SAÃDE - ASSOCIAÃÃO DE ASSISTÃNCIA Ã SAÃDE,RJ,AutogestÃ£o,13665700909,4555233636.33,2325582093.04
416801,10414182000109,UNIMED SAÃDE E ODONTO S.A,SP,Medicina de Grupo,13622069662,4540689887.33,2535576094.27
343331,28502128000172,CAIXA DE ASSISTÃNCIA DOS EMPREGADOS DO SISTEMA FINANCEIRO BANESTES,ES,AutogestÃ£o,13585980852,4528660284.00,2334016386.71
354325,20909271000171,UNIMED ARAGUARI COOPERATIVA DE TRABALHO MÃDICO ,MG,Cooperativa MÃ©dica,13523467804,4507822601.33,1910334727.27
343064,45572583000163,GARANTIA DE SAÃDE LTDA,SP,Medicina de Grupo,13280287891,4426762630.33,2230118449.27
416690,07781345000179,ASSOCIAÃÃO DE ASSISTÃNCIA Ã SAÃDE DA AMAGIS,MG,AutogestÃ£o,13255835010,4418611670.00,2406744077.32
361461,37880952000157,VIVACOM PLANOS DE SAÃDE,GO,AutogestÃ£o,13194702264,4398234088.00,2205333767.73
301060,41871989000196,UNIMED ITUIUTABA COOPERATIVA TRABALHO MÃDICO LTDA.,MG,Cooperativa MÃ©dica,13178010103,4392670034.33,2905593087.57
322831,23802218000165,UNIMED ITAJUBA COOPERATIVA DE TRABALHO MEDICO,MG,Cooperativa MÃ©dica,13132728920,4377576306.67,3101304811.91
395480,37135365000133,ESMALE ASSISTENCIA INTERNACIONAL DE SAUDE LTDA.,AL,Medicina de Grupo,13038998932,4346332977.33,2191357932.88
350494,51304798000104,UNIODONTO DE CAMPINAS COOPERATIVA ODONTOLÃGICA,SP,Cooperativa odontolÃ³gica,12626986869,4208995623.00,2312452092.52
313084,25064148000110,COOPERATIVA DE TRABALHO MEDICO DE ARAGUAÃNA - UNIMED ARAGUAÃNA,TO,Cooperativa MÃ©dica,12611184743,4203728247.67,2178791934.44
319422,51473692000126,IRMANDADE DA SANTA CASA DE MISERICORDIA DE LIMEIRA,SP,Filantropia,12541832281,4180610760.33,2698102292.14
353027,57149775000140,UNIMED SUL PAULISTA - COOPERATIVA DE TRABALHO MÃDICO,SP,Cooperativa MÃ©dica,12428583516,4142861172.00,2198004364.23
335541,92128610000193,"UNIMED VALE DAS ANTAS, RS - COOPERATIVA DE ASSISTÃNCIA Ã SAÃDE LTDA.",RS,Cooperativa MÃ©dica,12318715043,4106238347.67,2288060530.25
422681,40187311000126,GOCARE PLANOS DE SAUDE LTDA,SP,Medicina de Grupo,12312347550,4104115850.00,1946783928.67
422321,35657268000185,ASSOCIAÃÃO DE SAÃDE DO VALE,SC,Medicina de Grupo,12236273843,4078757947.67,2343312693.38
419486,17897995000138,PLADISA PLANOS DE SAÃDE SA,SC,Medicina de Grupo,12227873017,4075957672.33,2104438488.66
418803,16665579000141,ASSOCIAÃÃO SANTA CASA SAÃDE DE ARAÃATUBA,SP,Medicina de Grupo,12191126695,4063708898.33,3031843905.96
356581,71063853000110,UNIMED ITAÃNA COOPERATIVA DE TRABALHO MÃDICO LTDA.,MG,Cooperativa MÃ©dica,12132272841,4044090947.00,2356982012.46
343463,15594468000129,PLAMED PLANO DE ASSISTENCIA MEDICA LTDA,SE,Medicina de Grupo,12117168729,4039056243.00,2148482950.06
328537,00453863000114,MED-TOUR ADMINISTRADORA DE BENEFÃCIOS E EMPREENDIMENTOS LTDA.,SP,Medicina de Grupo,12004986178,4001662059.33,2839544499.70
417599,92741016000173,ASSOCIAÃAO DOS FUNCIONARIOS PUBLICOS DO ESTADO DO RIO GRANDE DO SUL,RS,Filantropia,11967932309,3989310769.67,1441557462.41
355577,45207131000182,UNIMED DE GUARATINGUETA-COOPERATIVA DE TRABALHO MÃDICO,SP,Cooperativa MÃ©dica,11948276247,3982758749.00,1676655850.04
303178,07649106000160,UNIMED DE SOBRAL SOCIEDADE COOPERATIVA MÃDICA LTDA,CE,Cooperativa MÃ©dica,11936595786,3978865262.00,2423913380.86
416495,50432863000106,MATÃO CLINICAS & AMHMA SAÃDE LTDA,SP,Medicina de Grupo,11820890733,3940296911.00,2053149260.59
414573,03230123000107,UNIMED CENTRO PAULISTA - FEDERAÃÃO INTRAFEDERATIVA DAS COOPERATIVAS MÃDICAS,SP,Cooperativa MÃ©dica,11716919372,3905639790.67,2012360558.96
421731,29174910000172,AMHE MED ASSISTENCIA A SAUDE LTDA - EPP,SP,Medicina de Grupo,11693080014,3897693338.00,2872734437.09
317012,85177194000158,COOPERATIVA DE TRABALHO MÃDICO DO PLANALTO NORTE DE SANTA CATARINA LTDA,SC,Cooperativa MÃ©dica,11620275735,3873425245.00,1977459231.27
301728,20168589000149,PRONTOMED PLANOS DE SAÃDE LTDA,MG,Medicina de Grupo,11585065409,3861688469.67,2044274071.78
417815,11973134000105,SUL AMÃRICA ODONTOLÃGICO S/A,SP,Odontologia de Grupo,11525714702,3841904900.67,2065899416.25
368920,20320487000105,AGROS - INSTITUTO UFV DE SEGURIDADE SOCIAL,MG,AutogestÃ£o,11427941879,3809313959.67,3490211397.42
314251,02172353000102,CAIXA ASSISTENCIAL UNIVERSITÃRIA DO RIO GRANDE DO NORTE,RN,AutogestÃ£o,11385989541,3795329847.00,2001785066.83
422771,41432461000110,TEMPO MED PLANO DE SAUDE LTDA,SC,Medicina de Grupo,11363900539,3787966846.33,2410078577.80
412295,03702977000149,CAIXA DE ASSISTÃNCIA Ã SAUDE DOS EMPREGADOS DA CODEVASF - CASEC,DF,AutogestÃ£o,11322905404,3774301801.33,1680384026.73
304131,02030246000131,ASSOCIAÃÃO BENEFICENTE DE ASSISTÃNCIA A SAÃDE DOS JUÃZES DO TRABALHO DA 15Âª REGIÃO (ABAS 15),SP,AutogestÃ£o,11265872021,3755290673.67,1937704704.27
418731,15022430000181,ASSOCIAÃÃO DE SAÃDE DOS FORNECEDORES DE CANA DE PIRACICABA E REGIÃO,SP,Medicina de Grupo,11137611387,3712537129.00,2099685889.64
365238,00494870000164,UNIMED DE IBITINGA COOPERATIVA DE TRABALHO MÃDICO,SP,Cooperativa MÃ©dica,11015800085,3671933361.67,1748465748.14
414905,01648339000161,VITA ASSISTÃNCIA A SAÃDE LTDA.,MG,Medicina de Grupo,11002516093,3667505364.33,3157290674.21
303844,02687852000124,UNIMED DE ANDRADINA - COOPERATIVA DE TRABALHO MÃDICO,SP,Cooperativa MÃ©dica,10843988555,3614662851.67,2016970947.17
362140,10219897000100,UNIMED OESTE DO PARÃ - COOPERATIVA DE TRABALHO MÃDICO,PA,Cooperativa MÃ©dica,10824898851,3608299617.00,1727463028.30
319180,00636975000100,SÃO DOMINGOS SAÃDE- ASSISTÃNCIA MÃDICA  LTDA,SP,Medicina de Grupo,10725876904,3575292301.33,2000456873.46
417661,11996146000155,CAIXA DE ASSISTÃNCIA Ã SAÃDE DO SINDICATO DOS FUNCIONÃRIOS INTEGRANTES DO GRUPO OCUPACIONAL ADMINISTRAÃÃO TRIBUTÃRIA DO ESTADO DE PERNAMBUCO,PE,AutogestÃ£o,10625518537,3541839512.33,1930121681.98
345091,59849182000112,SANTA CASA DE MISERICORDIA DE SAO JOAQUIM DA BARRA,SP,Filantropia,10573311773,3524437257.67,1883735362.92
311146,36540979000138,UNIMED COSTA VERDE RJ,RJ,Cooperativa MÃ©dica,10566269183,3522089727.67,1656138260.61
418587,15131148000132,AMHA SAUDE S/A,SP,Medicina de Grupo,10484591065,3494863688.33,1747931958.16
355593,41687179000184,UNIMED PATROCÃNIO COOPERATIVA DE TRABALHO MÃDICO LTDA.,MG,Cooperativa MÃ©dica,10410336599,3470112199.67,2051031119.55
378216,20119509000165,FUNDAÃÃO LIBERTAS DE SEGURIDADE SOCIAL,MG,AutogestÃ£o,10318485210,3439495070.00,1738910727.99
417211,11177786000133,ASSOCIAÃÃO MINEIRA DE ASSISTÃNCIA Ã SAÃDE DOS MEMBROS DO MINISTÃRIO PÃBLICO,MG,AutogestÃ£o,10305433797,3435144599.00,1688925635.97
345776,65732836000126,UNIMED DE BIRIGUI - COOPERATIVA DE TRABALHO MÃDICO,SP,Cooperativa MÃ©dica,10254303920,3418101306.67,1697184389.81
323055,69087922000184,UNIMED NORTE PAULISTA - COOPERATIVA DE TRABALHO MÃDICO,SP,Cooperativa MÃ©dica,10202509650,3400836550.00,1790972555.03
318035,26291484000169,UNIMED GUAXUPÃ COOPERATIVA DE TRABALHO MEDICO,MG,Cooperativa MÃ©dica,10116400386,3372133462.00,1721232396.43
360414,28974020000182,UNIMED NOROESTE FLUMINENSE - COOPERATIVA DE TRABALHO MÃDICO LTDA,RJ,Cooperativa MÃ©dica,10065968819,3355322939.67,1704685662.15
346951,01569902000106,UNIMED CAÃADOR COOPERATIVA DE TRABALHO MÃDICO DA REGIÃO DO CONTESTADO,SC,Cooperativa MÃ©dica,9960486912,3320162304.00,1979735422.33
419427,92827666000136,INSTITUIÃÃO BENEFICENTE CEL MASSOT - IBCM,RS,AutogestÃ£o,9891368897,3297122965.67,1959167237.13
416398,00885918000165,HOSPITAIS E CLÃNICAS DO PIAUÃ S/S LTDA,PI,Medicina de Grupo,9876288569,3292096189.67,1917267138.83
417955,07945024000162,ASSOCIAÃÃO DE ASSISTÃNCIA MÃDICO HOSPITALAR DOS MAGISTRADOS DO ESTADO DO PARANÃ,PR,AutogestÃ£o,9873426118,3291142039.33,1603711256.31
403962,03098226000165,SÃO FRANCISCO ASSISTÃNCIA MÃDICA LTDA,PE,Medicina de Grupo,9779133403,3259711134.33,1714128055.01
423661,50876139000171,NOVA SAÃDE OPERADORA INTEGRADA DE SAÃDE LTDA,RJ,Medicina de Grupo,9758615313,3252871771.00,3628042126.93
418919,11867361000156,ASSOCIAÃÃO SAÃDE SÃO JOSÃ,SC,Medicina de Grupo,9757184681,3252394893.67,1727182122.22
343684,88732318000108,UNIMED ALTO DA SERRA - SOCIEDADE COOPERATIVA DE SERVIÃO MÃDICO LTDA.,RS,Cooperativa MÃ©dica,9714055744,3238018581.33,1381646593.10
304123,50368034000101,UNIMED DE AVARÃ COOPERATIVA DE TRABALHO MÃDICO,SP,Cooperativa MÃ©dica,9666282252,3222094084.00,1664588718.79
370088,25471574000179,UNIMED SÃO LOURENÃO COOPERATIVA DE TRABALHO MÃDICO,MG,Cooperativa MÃ©dica,9622307143,3207435714.33,1461237430.83
394734,67839969000121,AMEPLAN ASSISTÃNCIA MÃDICA PLANEJADA LTDA,SP,Medicina de Grupo,9487203548,3162401182.67,2105904319.36
421766,32421708000102,BEST SENIOR OPERADORA DE SAÃDE LTDA,ES,Medicina de Grupo,9436890220,3145630073.33,2724794050.98
315265,82353079000107,PARANA ASSISTENCIA MEDICA LTDA,PR,Medicina de Grupo,9354410435,3118136811.67,1158678764.90
419150,15323270000100,ASSOCIAÃÃO MAIS SAÃDE SANTA CASA DE SÃO JOÃO DA BOA VISTA,SP,Medicina de Grupo,9318767972,3106255990.67,1687934267.56
406945,00147571000153,ASSOCIAÃÃO POLICIAL DE ASSISTÃNCIA Ã SAÃDE DE BAURU,SP,AutogestÃ£o,9253314306,3084438102.00,1635301759.32
421006,27067508000163,ASSOCIAÃÃO SÃO LUIZ SAÃDE,SP,Medicina de Grupo,9106685900,3035561966.67,1433497971.39
420000,15713057000105,ASSOCIAÃÃO DO PLANO DE SAÃDE DA SANTA CASA DE MISERICÃRDIA DE ITABUNA - PLANSUL,BA,Medicina de Grupo,9068002334,3022667444.67,2094032279.21
320820,00668790000188,CAIXA DE ASSISTÃNCIA SISTEMA SAÃDE INTEGRAL-SSI SAUDE,RS,AutogestÃ£o,9053908403,3017969467.67,1707555400.06
410292,60499365000134,FUNDACAO LEONOR DE BARROS CAMARGO,SP,Filantropia,9017592649,3005864216.33,1185179774.92
421944,33379144000150,ÃNICA ASSISTENCIA MEDICA LTDA ,SP,Medicina de Grupo,9003586585,3001195528.33,1640729915.17
338346,90747908000156,SULMED - ASSISTÃNCIA MÃDICA LTDA,RS,Medicina de Grupo,8927640237,2975880079.00,3189804677.53
321087,00368318000120,UNIMED MARQUES DE VALENÃA COOPERATIVA DE TRABALHO MÃDICO LTDA.,RJ,Cooperativa MÃ©dica,8718087444,2906029148.00,1975382161.58
411582,03638220000133,PLANO DE SAUDE ASES LTDA.,RJ,Medicina de Grupo,8625531269,2875177089.67,1474098631.73
348261,42889436000123,UNIMED ALTO SÃO FRANCISCO COOPERATIVA DE TRABALHO MÃDICO,MG,Cooperativa MÃ©dica,8614262515,2871420838.33,1174791607.15
370975,70523899000102,UNIMED VALE DO JAURU COOPERATIVA DE TRABALHO MÃDICO,MT,Cooperativa MÃ©dica,8569692242,2856564080.67,1256463517.00
362573,25686544000180,UNIMED DE UBA COOPERATIVA DE TRABALHO MEDICO,MG,Cooperativa MÃ©dica,8561911152,2853970384.00,1727202456.92
419052,16926969000128,AMAZÃNIA PLANOS DE SAÃDE LTDA,PA,Medicina de Grupo,8556116105,2852038701.67,1349008727.66
364592,02127779000136,LEADER ASSISTÃNCIA MÃDICA E HOSPITALAR LTDA.,SP,Medicina de Grupo,8539428778,2846476259.33,1278551219.72
324175,71064539000152,UNIMED SUDOESTE DE MINAS COOPERATIVA DE TRABALHO MÃDICO,MG,Cooperativa MÃ©dica,8508574595,2836191531.67,1692907377.86
301124,01476619000130,UNIMED GURUPI COOPERATIVA DE TRABALHO MÃDICO,TO,Cooperativa MÃ©dica,8481601643,2827200547.67,1618127842.27
333875,23278898000160,IRMANDADE DA SANTA CASA DE MISERICÃRDIA DE PASSOS,MG,Filantropia,8193472606,2731157535.33,1611704039.18
315494,41905498000119,UNIMED NOROESTE DE MINAS COOPERATIVA DE TRABALHO MEDICO LTDA,MG,Cooperativa MÃ©dica,7948863310,2649621103.33,1479841024.47
304484,78738101000151,DENTAL UNI - COOPERATIVA ODONTOLÃGICA,PR,Cooperativa odontolÃ³gica,7912831167,2637610389.00,1841606208.12
330281,09306242000182,ASSOCIAÃÃO DOS AUDITORES FISCAIS DO ESTADO DA PARAÃBA - AFRAFEP,PB,AutogestÃ£o,7856742302,2618914100.67,1350713127.90
333808,52852100000140,IRMANDADE DE MISERICÃRDIA DO HOSPITAL DA SANTA CASA DE MONTE ALTO,SP,Filantropia,7842393096,2614131032.00,1111580703.33
314242,00840048000108,UNIMED DE PIRASSUNUNGA COOPERATIVA DE TRABALHO MÃDICO,SP,Cooperativa MÃ©dica,7820993569,2606997856.33,1470294446.24
342131,01659087000176,UNIMED VILHENA - COOPERATIVA DE TRABALHO MEDICO LTDA,RO,Cooperativa MÃ©dica,7808236664,2602745554.67,2096795080.74
320838,01647867000104,UNIMED INTRAFEDERATIVA FEDERAÃÃO REGIONAL SUL DE MINAS,MG,Cooperativa MÃ©dica,7778283079,2592761026.33,1357163705.01
358282,80297161000128,UNIMED NORTE DO PARANÃ COOPERATIVA REGIONAL DE TRABALHO MÃDICO,PR,Cooperativa MÃ©dica,7698171691,2566057230.33,1284470081.19
359033,42855999000109,UNIMED TRÃS CORAÃÃES COOPERATIVA DE TRABALHO MÃDICO LTDA.,MG,Cooperativa MÃ©dica,7692322605,2564107535.00,1617774237.60
366340,59499251000105,UNIMED DE CAPIVARI -COOPERATIVA DE TRABALHO MÃDICO,SP,Cooperativa MÃ©dica,7650157493,2550052497.67,1175567129.62
415065,00395266000180,MAIS SAÃDE PLANO DE SAÃDE LTDA,GO,Medicina de Grupo,7627020163,2542340054.33,1423872628.56
343676,33721226000130,SAMOC S.A. - SOCIEDADE ASSISTENCIAL MÃDICA E ODONTO CIRÃRGICA,RJ,Medicina de Grupo,7606182139,2535394046.33,924959459.53
330116,72957814000120,SANTA CASA DE MISERICÃRDIA DE VOTUPORANGA,SP,Filantropia,7544560889,2514853629.67,1316409714.05
423335,46426569000114,UNITY SERVIÃOS INTEGRADOS DE SAÃDE LTDA.,DF,Medicina de Grupo,7469555913,2489851971.00,1545905668.42
421154,28633372000174,SAÃDE BRASIL ASSISTÃNCIA MÃDICA LTDA.,SP,Medicina de Grupo,7450843072,2483614357.33,1344686597.17
363286,45171402000197,UNIMED DE TAUBATÃ COOPERATIVA DE TRABALHO MÃDICO,SP,Cooperativa MÃ©dica,7404231988,2468077329.33,990786547.99
347108,71925531000133,UNIMED DE BARRETOS COOPERATIVA DE TRABALHO MÃDICO,SP,Cooperativa MÃ©dica,7401511110,2467170370.00,1329195920.41
418820,27085968000114,CAIXA DE ASSISTÃNCIA AOS MEMBROS DA DEFENSORIA PÃBLICA DO ESTADO DO RIO DE JANEIRO,RJ,AutogestÃ£o,7385749094,2461916364.67,1898246331.39
413160,04165719000133,GS PLANO GLOBAL DE SAÃDE LTDA,RJ,Medicina de Grupo,7260756516,2420252172.00,1226306323.25
419699,20918393000124,OPERADORA DE PLANOS PRIVADOS DE SAÃDE - SANTA CASA SAÃDE LTDA,MS,Medicina de Grupo,7235707953,2411902651.00,1269080877.01
358754,04204285000133,CAIXA DE ASSISTÃNCIA DOS FUNCIONÃRIOS DO BANCO DA AMAZÃNIA - CASF,PA,AutogestÃ£o,7235641706,2411880568.67,2026128120.54
357715,37898335000189,UNIMED DE MINEIROS COOPERATIVA DE TRABALHO MÃDICO ,GO,Cooperativa MÃ©dica,7217827307,2405942435.67,1478907836.96
315583,15215452000168,CAIXA DE ASSISTÃNCIA DOS EMPREGADOS DO BANEB,BA,AutogestÃ£o,7200167018,2400055672.67,1279940609.71
353876,00730439000170,UNIMED PONTAL DO TRIÃNGULO - COOPERATIVA DE TRABALHO MÃDICO,MG,Cooperativa MÃ©dica,7151530127,2383843375.67,1367299291.90
371564,02248344000140,UNIMED FRUTAL COOPERATIVA DE TRABALHO MEDICO LTDA,MG,Cooperativa MÃ©dica,7149512115,2383170705.00,1142348266.02
347736,26368613000170,UNIMED CARATINGA - COOPERATIVA DE TRABALHO MÃDICO LTDA,MG,Cooperativa MÃ©dica,7052807745,2350935915.00,1313651431.50
416584,08883265000197,ASSOCIAÃÃO FUNDO DE PROTEÃÃO Ã SAÃDE,PR,AutogestÃ£o,6980547359,2326849119.67,1852623304.74
393533,12317012000123,ASSOCIAÃÃO DO FISCO DE ALAGOAS,AL,AutogestÃ£o,6972567460,2324189153.33,1364983684.24
423319,45981176000100,ANAFE SAUDE,GO,AutogestÃ£o,6972552385,2324184128.33,1965218847.75
410128,71559272000174,ASSOCIAÃÃO POLICIAL DE ASSISTÃNCIA Ã SAÃDE,SP,AutogestÃ£o,6783064773,2261021591.00,1211870556.05
315648,64327059000171,UNIMED CATAGUASES COOPERATIVA DE TRABALHO MÃDICO LTDA,MG,Cooperativa MÃ©dica,6741580576,2247193525.33,1071035409.27
308811,80525652000189,UNIMED VALE DO PIQUIRI-COOPERATIVA DE TRABALHO MÃDICO VALE DO PIQUIRI ,PR,Cooperativa MÃ©dica,6707601677,2235867225.67,1246970523.35
321931,29640612000120,CONFERÃNCIA SÃO JOSÃ DO AVAÃ,RJ,Filantropia,6566138776,2188712925.33,1592428755.58
354619,96182068000108,UNIMED DE SAO JOSÃ DO RIO PARDO-COOP. DE TRAB. MÃDICO,SP,Cooperativa MÃ©dica,6552320039,2184106679.67,1289238894.36
314587,66343534000129,UNIMED VIÃOSA - COOPERATIVA DE TRABALHO MÃDICO,MG,Cooperativa MÃ©dica,6549098804,2183032934.67,1411927712.01
393321,42163881000101,UNIMED-RIO COOPERATIVA DE TRABALHO MEDICO DO RIO DE JANEIRO,RJ,Cooperativa MÃ©dica,6548301686,6548301686.00,0.00
362832,89100135000132,UNIMED PLANALTO CENTRAL/RS - COOPERATIVA DE ASSISTÃNCIA  Ã SAÃDE LTDA.,RS,Cooperativa MÃ©dica,6439944577,2146648192.33,1238588768.69
302627,35617257000171,CAIXA DE ASSISTÃNCIA DOS MAGISTRADOS DE PERNAMBUCO,PE,AutogestÃ£o,6438807539,2146269179.67,1364663791.62
418617,12049486000131,ASSOCIAÃÃO PARANAENSE DE ASSISTÃNCIA Ã SAUDE DOS MEMBROS DO MINISTERIO PUBLICO DO PARANÃ,PR,AutogestÃ£o,6366988572,2122329524.00,1164438890.43
419419,19962272000109,BRASILDENTAL OPERADORA DE PLANOS ODONTOLÃGICOS S.A.,SP,Odontologia de Grupo,6356371997,2118790665.67,1118808521.30
317896,71499792000139,UNIMED VERTENTE DO CAPARAÃ - COOPERATIVA DE TRABALHO MÃDICO LTDA,MG,Cooperativa MÃ©dica,6341933919,2113977973.00,1132299433.33
413330,04257073000114,AMEP FREGUESIA OPERADORA DE PLANO DE SAUDE LTDA,RJ,Medicina de Grupo,6227611756,2075870585.33,1037060499.17
323942,26150979000178,FUNDAÃÃO FILANTRÃPICA E BENEFICENTE DE SAÃDE ARNALDO GAVAZZA FILHO,MG,Filantropia,6114804819,2038268273.00,1028302291.58
352586,02852017000100,SISTEMAS E PLANOS DE SAÃDE LTDA.,SP,Medicina de Grupo,6045895125,2015298375.00,1240697661.73
353698,00532888000103,UNIMED REGIÃO DA PRODUÃÃO/RS - COOPERATIVA DE ASSISTÃNCIA Ã SAÃDE LTDA,RS,Cooperativa MÃ©dica,6011064747,2003688249.00,1104644336.00
365530,56762172000157,UNIMED DE TUPA COOPERATIVA DE TRABALHO MÃDICO,SP,Cooperativa MÃ©dica,5875271648,1958423882.67,810287636.69
354996,42946061000196,UNIMED ALFENAS COOPERATIVA DE TRABALHO MEDICO,MG,Cooperativa MÃ©dica,5800334817,1933444939.00,989522618.06
374440,56269913000162,PREVIDENT ASSISTÃNCIA ODONTOLÃGICA S.A,SP,Odontologia de Grupo,5727375093,1909125031.00,970996609.09
328308,00552181000169,UNIMED DE MOCOCA COOPERATIVA DE TRAB. MÃDICO,SP,Cooperativa MÃ©dica,5686120453,1895373484.33,917639295.66
314781,68204486000113,UNIMED DE DRACENA - COOPERATIVA DE TRABALHO MÃDICO,SP,Cooperativa MÃ©dica,5611917360,1870639120.00,971100064.52
386901,42936518000181,UNIMED LEOPOLDINA COOPERATIVA DE TRABALHO MÃDICO LTDA,MG,Cooperativa MÃ©dica,5557608786,1852536262.00,1116681326.70
352519,72234164000194,UNIMED ALTO JACUÃ/RS - COOPERATIVA DE ASSISTÃNCIA Ã SAÃDE LTDA,RS,Cooperativa MÃ©dica,5466339055,1822113018.33,890951404.60
327352,66453168000160,UNIMED SÃO SEBASTIÃO DO PARAÃSO COOPERATIVA DE TRABALHO MÃDICO,MG,Cooperativa MÃ©dica,5443302479,1814434159.67,1157920141.36
312282,62476676000103,INTERMEDICI PIRACICABA ASSISTENCIA MEDICA LTDA,SP,Medicina de Grupo,5378679070,1792893023.33,630045591.78
420701,25063964000100,FUNDAÃÃO DE ASSISTÃNCIA Ã SAÃDE DA ASSOCIAÃÃO DO MINISTÃRIO PÃBLICO DO RIO GRANDE DO SUL,RS,AutogestÃ£o,5355234496,1785078165.33,898004192.00
329355,55189930000127,IRMANDADE DE MISERICORDIA DE PORTO FERREIRA,SP,Filantropia,5335657252,1778552417.33,1822071580.09
343765,00342481000113,UNIMED CALDAS NOVAS - COOPERATIVA DE TRABALHO MEDICO,GO,Cooperativa MÃ©dica,5330402497,1776800832.33,906079295.99
335789,13086566000120,CAIXA DE ASSISTÃNCIA DOS EMPREGADOS DO BANESE,SE,AutogestÃ£o,5314823140,1771607713.33,897221992.36
325465,20946877000187,AMPARA ASSISTÃNCIA MÃDICA PARAÃSO LTDA,MG,Medicina de Grupo,5304783455,1768261151.67,982931890.15
313751,73162760000179,UNIODONTO DE SÃO JOSÃ DOS CAMPOS COOPERATIVA DE TRABALHO ODONTOLÃGICO,SP,Cooperativa odontolÃ³gica,5288811220,1762937073.33,908722773.32
422371,02753398000162,SF SISTEMAS DE SAÃDE LTDA,SP,Medicina de Grupo,5286189288,1762063096.00,1075036648.96
412759,03773153000160,TERRAMAR ADMINISTRADORA DE PLANO DE SAUDE LTDA,BA,Medicina de Grupo,5246229704,1748743234.67,1008372497.85
351270,02896924000143,POLI SAUDE OPERADORA DE PLANO DE SAUDE LTDA,PR,Medicina de Grupo,5197200033,1732400011.00,838273771.11
419958,20961779000119,ASSOCIAÃÃO PLANO DE SAÃDE SANTA CASA DE VALINHOS,SP,Medicina de Grupo,5097258669,1699086223.00,902800693.98
311944,00262338000111,UNIMED DE ADAMANTINA-COOPERATIVA DE TRABALHO MÃDICO,SP,Cooperativa MÃ©dica,5058027198,1686009066.00,764978784.66
387185,34011288000111,ASSOCIAÃÃO DOS AUDITORES FISCAIS DA RECEITA ESTADUAL DO RIO DE JANEIRO,RJ,AutogestÃ£o,5000815492,1666938497.33,836210628.20
311057,01371135000126,UNIMED VALE DO URUCUIA - COOPERATIVA DE TRABALHO MEDICO LTDA,MG,Cooperativa MÃ©dica,4933212841,1644404280.33,865521817.42
324299,68682715000105,PLAMER PLANO MEDICO RESENDE LTDA,RJ,Medicina de Grupo,4841721922,1613907307.33,647970445.52
350648,89640452000141,UNIMED REGIÃO DA CAMPANHA/RS - COOPERATIVA DE ASSISTÃNCIA Ã SAÃDE LTDA.,RS,Cooperativa MÃ©dica,4817341292,1605780430.67,689915089.65
410888,03637776000105,FILOSANITAS SAUDE LTDA,SP,Medicina de Grupo,4738047674,1579349224.67,887030226.10
412058,03977587000181,SBC SAÃDE LTDA.,SP,Medicina de Grupo,4707388472,1569129490.67,774648282.24
305626,22666341000133,PRONTOCLINICA E HOSPITAIS SAO LUCAS S/A,MG,Medicina de Grupo,4673318527,1557772842.33,905546028.42
413721,16608812000154,SOCIEDADE BENEFICENTE DEZOITO DE JULHO,MG,Medicina de Grupo,4624565762,1541521920.67,818741396.74
408794,72918287000144,ASSOCIAÃÃO POLICIAL DE ASSISTÃNCIA Ã SAÃDE DE RIBEIRÃO PRETO (APAS),SP,AutogestÃ£o,4563166169,1521055389.67,1281617730.86
330892,02903477000102,ASSOCIAÃÃO SAÃDE CONCEIÃÃO,SC,Medicina de Grupo,4549192323,1516397441.00,825434332.90
313971,84112481000117,"FEDERAÃÃO DAS SOCIEDADES COOPERATIVAS DE TRABALHO MÃDICO DO ACRE, AMAPÃ, AMAZONAS, PARÃ, RONDONIA E RORAIMA",AM,Cooperativa MÃ©dica,4532409539,4532409539.00,0.00
364070,64388812000139,UNIMED TRÃS PONTAS - COOPERATIVA DE TRABALHO MÃDICO,MG,Cooperativa MÃ©dica,4509097833,1503032611.00,801357052.10
343129,13100755000100,ASSOCIACAO DOS PROFESSORES UNIVERSITÃRIOS DA BAHIA,BA,AutogestÃ£o,4491371473,1497123824.33,810897109.09
329665,00580481000151,FUNDACAO CAPITAL PREVIDENCIA E SAUDE - CAPITAL PREV,ES,AutogestÃ£o,4409583204,2204791602.00,1023358874.86
336467,08315806000180,UNIMED PATOS - COOPERATIVA DE TRABALHO MÃDICO,PB,Cooperativa MÃ©dica,4374156579,1458052193.00,925447322.95
414212,59762062000183,ASSOCIAÃÃO POLICIAL DE ASSISTÃNCIA Ã SAÃDE DE ARAÃATUBA (APAS),SP,AutogestÃ£o,4361920124,1453973374.67,728432601.62
328375,92316124000107,UNIMED REGIÃO DA FRONTEIRA - RS COOPERATIVA DE ASSISTÃNCIA Ã SAÃDE LTDA.,RS,Cooperativa MÃ©dica,4359421693,1453140564.33,785594496.19
410110,00034259000153,ASSOCIAÃÃO POLICIAL DE ASSISTÃNCIA A SAÃDE DA BAIXADA SANTISTA,SP,AutogestÃ£o,4212842124,1404280708.00,690575699.78
351776,45467404000128,UNIMED DE REGISTRO COOPERATIVA DE TRABALHO MÃDICO,SP,Cooperativa MÃ©dica,4211647140,1403882380.00,814789764.67
323004,00012698000165,UNIMED DE PENAPOLIS - COOPERATIVA DE TRABALHO MEDICO,SP,Cooperativa MÃ©dica,4174120477,1391373492.33,867314548.70
415626,07270625000112,FEDERAÃÃO DAS COOP ODONTOLÃGICAS DO ESTADO DE SANTA CATARINA,SC,Cooperativa odontolÃ³gica,4123321568,1374440522.67,792589400.99
000515,04439627000102,ALLIANZ SAÃDE S/A,SP,Seguradora Especializada em SaÃºde,4118468629,1372822876.33,677737744.61
344788,02018620000183,UNIMED DE CORUMBA COOPERATIVA DE TRABALHO MÃDICO,MS,Cooperativa MÃ©dica,4118253013,1372751004.33,807300271.04
412252,04002216000147,SV SAUDE ADMINSTRADORES DE PLANO DE SAUDE LTDA,RJ,Medicina de Grupo,4088958810,1362986270.00,757260393.36
335657,02041808000142,ADVANCE PLANOS DE SAÃDE LTDA,SP,Medicina de Grupo,4018957880,1339652626.67,632929243.36
350346,01143922000110,UNIMED CACERES COOPERATIVA DE TRABALHO MÃDICO ,MT,Cooperativa MÃ©dica,3986918740,1328972913.33,721945269.39
316458,41511429000120,UNIMED REGIONAL DE FLORIANO - COOPERATIVA DE TRABALHO MÃDICO,PI,Cooperativa MÃ©dica,3976428798,1325476266.00,628035066.45
302228,00747041000146,UNIMED VALE DO CORUMBÃ COOPERATIVA DE TRABALHO MEDICO,GO,Cooperativa MÃ©dica,3959909378,1319969792.67,585619216.12
406937,57272510000135,ASSOCIAÃÃO POLICIAL DE ASSISTÃNCIA Ã SAÃDE,SP,AutogestÃ£o,3857961131,1285987043.67,823755103.34
309524,67577171000159,UNIMED DE MONTE ALTO - COOPERATIVA DE TRABALHO MÃDICO,SP,Cooperativa MÃ©dica,3857094804,1285698268.00,679313602.32
402206,02220135000198,ASSOCIAÃÃO GOIANA DO MINISTÃRIO PÃBLICO,GO,AutogestÃ£o,3818841742,1272947247.33,583366862.62
368555,15308521000188,UNIODONTO BELÃM - COOPERATIVA DE ASSISTÃNCIA Ã SAÃDE ODONTOLÃGICA,PA,Cooperativa odontolÃ³gica,3815931278,1271977092.67,670021808.29
402966,03123146000112,BIO SAÃDE SERVIÃOS MÃDICOS LTDA,SP,Medicina de Grupo,3764269211,1254756403.67,559187790.99
353264,59901454000186,SANTA CASA DE MISERICORDIA HOSPITAL SÃO VICENTE,SP,Filantropia,3758085565,1252695188.33,989869264.90
422827,37020290000145,TRINO - ALIANCA FILANTRÃPICA DE ASSISTÃNCIA E INTEGRAÃÃO PARA O DESENVOLVIMENTO DA SAUDE,ES,Medicina de Grupo,3743325529,1247775176.33,1091226110.51
320510,69289171000189,ATÃVIA SERVIÃOS DE SAÃDE S/A,SP,Medicina de Grupo,3724125940,1862062970.00,461540667.81
404241,72350382000194,COOPERATIVA DOS USUÃRIOS DE SERVIÃOS DE SAÃDE DO VALE DO RIO DOS SINOS LTDA,RS,AutogestÃ£o,3712517940,1237505980.00,597488692.19
310239,17146846000137,PESSOAL SAÃDE PLANOS DE ASSISTÃNCIA MÃDICA LTDA,SP,Medicina de Grupo,3650212628,1216737542.67,631741992.06
422584,38272479000198,PB ASSISTENCIA MEDICA EU LTDA,BA,Medicina de Grupo,3588032300,1196010766.67,854461813.48
343722,01012474000116,UNIMED PONTE NOVA COOPERATIVA DE TRABALHO MEDICO LTDA,MG,Cooperativa MÃ©dica,3497946246,1165982082.00,677300571.84
412635,00307714000147,ASSOCIAÃÃO VALEPARAIBANA DE ASSISTÃNCIA MÃDICA POLICIAL,SP,AutogestÃ£o,3497416034,1165805344.67,476381260.55
321320,72127210000156,IRMANDADE DA SANTA CASA DE MISERICÃRDIA E MATERNIDADE DONA ZILDA SALVAGNI,SP,Filantropia,3475862857,1158620952.33,479523360.47
415936,05983170000157,PLANO ODONTOLÃGICO DENTALVIDAS LTDA.,SP,Odontologia de Grupo,3456435887,1152145295.67,913935414.31
337561,86483542000188,UNIMED VALE DO CARANGOLA COOPERATIVA DE TRABALHO MEDICO LTDA,MG,Cooperativa MÃ©dica,3454212106,1151404035.33,627466471.44
406805,03268622000193,COOPERATIVA DOS USUÃRIOS DE SERVIÃOS DE SAÃDE LTDA.,RS,Medicina de Grupo,3433267100,1144422366.67,696820091.18
401480,02989632000155,EVANGELICO SAUDE LTDA.,PR,Medicina de Grupo,3411354025,1137118008.33,823244706.52
334847,37652765000116,UNIMED DE JATAÃ COOPERATIVA DE TRABALHO MÃDICO LTDA.,GO,Cooperativa MÃ©dica,3386902103,1128967367.67,651253849.33
327468,66916305000156,UNIMED SUDOESTE PAULISTA COOPERATIVA DE TRABALHO MÃDICO,SP,Cooperativa MÃ©dica,3348190952,1116063650.67,647692515.21
344141,02314168000105,UNIMED CAJAZEIRAS - SOCIEDADE COOPERATIVA DE TRABALHO MÃDICO,PB,Cooperativa MÃ©dica,3267403779,1089134593.00,573207583.58
344451,26185199000163,UNIODONTO REGIONAL COOPERATIVA ODONTOLOGICA,MG,Cooperativa odontolÃ³gica,3183723140,1061241046.67,581158627.38
341941,90619818000180,HOSPITAL DE PRONTOCLINICA LTDA.,RS,Medicina de Grupo,3149159926,1049719975.33,536302534.25
420786,24807514000111,ASSOCIAÃÃO SANTA CASA CLÃNICAS DE BIRIGUI,SP,Medicina de Grupo,3086390039,1028796679.67,922909906.37
325082,34063123000193,UNIMED DO OESTE DA BAHIA COOPERATIVA DE TRABALHO MÃDICO,BA,Cooperativa MÃ©dica,3082138149,1027379383.00,530127837.91
418137,11076382000153,UNIX SAÃDE S.A,BA,Medicina de Grupo,3073322296,1024440765.33,366728863.83
413372,92219070000153,SOCIEDADE PORTUGUESA DE BENEFICÃNCIA,RS,Filantropia,3067636890,1022545630.00,856566891.62
333867,89761670000134,ASSOCIAÃAO UNISAUDE MARAU,RS,Medicina de Grupo,3006606793,1002202264.33,501750266.67
342203,02338268000163,UNIODONTO DE SC COOPERATIVA ADMINISTRADORA DE CONTRATOS,SC,Cooperativa odontolÃ³gica,2980548187,993516062.33,537533231.26
422762,55990451000105,SANTA CASA DE MISERICÃRDIA E BENEFICÃNCIA PORTUGUESA,SP,Filantropia,2949782442,983260814.00,693713377.65
413429,04222989000139,UNIDENTIS ASSISTENCIA ODONTOLOGICA LTDA.,PB,Odontologia de Grupo,2919606420,973202140.00,489195678.21
327638,71186886000158,UNIMED SÃO JOÃO NEPOMUCENO COOPERATIVA DE TRABALHO MÃDICO LTDA.,MG,Cooperativa MÃ©dica,2906976184,968992061.33,629538124.95
358436,00891689000191,UNIODONTO GOIANIA COOPERATIVA DE CIRURGIÃES DENTISTAS,GO,Cooperativa odontolÃ³gica,2901107669,967035889.67,521427939.17
370592,02618303000106,FUNASA SAÃDE,PB,Medicina de Grupo,2865284092,955094697.33,629043098.46
420085,23053901000147,SANTA CASA DE SAÃDE - SCS,ES,Medicina de Grupo,2848327247,949442415.67,562298868.75
410608,00200720000109,ASSOCIACAO POLICIAL DE ASSISTENCIA A SAUDE DE PRESIDENTE PRUDENTE (APAS),SP,AutogestÃ£o,2755378105,918459368.33,501582960.83
389358,00856424000152,CARE PLUS ODONTOLOGIA ASSISTENCIAL LTDA.,SP,Odontologia de Grupo,2723865251,907955083.67,753473076.15
423629,49955478000164,AURORA SAÃDE LTDA,MG,Medicina de Grupo,2711486263,903828754.33,670125672.00
423548,43079723000130,TOTAL ASSISTÃNCIA MÃDICA HOSPITALAR LTDA,MG,Medicina de Grupo,2707909723,902636574.33,834632646.69
354678,86584901000193,UNIMED MACHADO COOPERATIVA DE TRABALHO MEDICO,MG,Cooperativa MÃ©dica,2639506720,879835573.33,368012758.87
366439,88938089000182,UNIODONTO PORTO ALEGRE COOPERATIVA ODONTOLOGICA LTDA,RS,Cooperativa odontolÃ³gica,2637371302,879123767.33,469441855.28
346004,52204526000197,UNIODONTO PIRACICABA - COOPERATIVA ODONTOLÃGICA,SP,Cooperativa odontolÃ³gica,2626092047,875364015.67,418323752.72
345318,08237810000178,UNIODONTO/RN - COOPERATIVA ODONTOLOGICA DO RIO GRANDE DO NORTE,RN,Cooperativa odontolÃ³gica,2614703433,871567811.00,380972438.79
421359,29910807000143,RIO DOCE SAÃDE,ES,Medicina de Grupo,2565711620,855237206.67,481768054.20
423351,46614535000153,AME VVIDA PLANOS DE SAUDE INTEGRADO LTDA.,RO,Medicina de Grupo,2556285921,852095307.00,875777226.24
335258,23725062000166,UNIODONTO DE FORTALEZA COOPERATIVA DE TRABALHO ODONTOLOGICO LTDA,CE,Cooperativa odontolÃ³gica,2544813806,848271268.67,439526168.98
321125,24243925000121,UNIODONTO MACEIÃ COOPERATIVA ODONTOLÃGICA,AL,Cooperativa odontolÃ³gica,2542673291,847557763.67,734304399.78
384704,13170410000122,ASSOCIAÃÃO DOS EMPREGADOS DA COMPANHIA ESTADUAL DE HABITAÃÃO E OBRAS PÃBLICAS - ASSEC,SE,AutogestÃ£o,2426439914,808813304.67,621979834.25
306754,00299149000113,ASSOCIAÃÃO DOS FUNCIONÃRIOS DO FISCO DO ESTADO DE GOIÃS,GO,AutogestÃ£o,2260335299,753445099.67,380626477.45
367613,42939207000176,UNIMED CAMPO BELO- COOPERATIVA DE TRABALHO MÃDICO,MG,Cooperativa MÃ©dica,2256895713,752298571.00,390195260.96
419516,19691730000104,MAIS SAUDE S/A,ES,Medicina de Grupo,2242137666,1121068833.00,318691836.93
304212,92240605000178,ON MED ASSISTÃNCIA MÃDICA LTDA,RS,Medicina de Grupo,2228776695,742925565.00,561342652.27
420271,25205234000104,R.M.I. OPERADORA DE SAÃDE INTEGRADA LTDA,SP,Medicina de Grupo,2202131766,1101065883.00,340109846.77
310981,40223893000159,ODONTO EMPRESAS CONVENIOS DENTARIOS LTDA.,SP,Odontologia de Grupo,2201566416,733855472.00,392698991.54
418501,14408631000159,FUNDAÃÃO PLAMHUV - PLANO MÃDICO HOSPITALAR DOS HOSPITAIS UNIDOS DE VIÃOSA,MG,Medicina de Grupo,2194567842,731522614.00,424240317.85
361569,12923462000160,UNIODONTO DE JOÃO PESSOA COOPERATIVA ODONTOLÃGICA,PB,Cooperativa odontolÃ³gica,2170282272,723427424.00,331598759.48
419851,21205801000163,"CAIXA DE ASSISTÃNCIA Ã SAÃDE DOS TRABALHADORES NAS INDÃSTRIAS METALÃRGICAS, MECÃNICAS E DO MATERIAL ELÃTRICO DE BRUSQUE",SC,AutogestÃ£o,2148041627,716013875.67,390233012.36
422151,34732056000152,ATITUDE SAÃDE ASSISTÃNCIA MEDICA LTDA,BA,Medicina de Grupo,2128395307,709465102.33,269052304.08
357669,19969500000164,DESBAN - FUNDAÃÃO BDMG DE SEGURIDADE SOCIAL,MG,AutogestÃ£o,2095740278,698580092.67,398173261.77
313475,69612158000119,UNIMED REGIONAL DE PICOS - COOPERATIVA DE TRABALHO MÃDICO,PI,Cooperativa MÃ©dica,2083779326,694593108.67,365105756.56
413518,04197511000104,CAIXA DE ASSISTÃNCIA DO SINDFISCO - CASSIND,SE,AutogestÃ£o,2080795339,693598446.33,952499409.39
389854,02751464000165,ODONTOGROUP SISTEMA DE SAÃDE LTDA.,DF,Odontologia de Grupo,2072980223,690993407.67,384664032.39
414662,04911101000175,VIVENTERIS LTDA,PR,Odontologia de Grupo,2006506744,668835581.33,332394936.29
311391,23031479000129,UNIODONTO DE MANAUS - COOPERATIVA ODONTOLÃGICA LTDA.,AM,Cooperativa odontolÃ³gica,1986440367,662146789.00,280482418.28
304441,01867792000169,NACIONAL ODONTO OPERADORA DE PLANOS ODONTOLÃGICOS LTDA.,PE,Odontologia de Grupo,1982682617,660894205.67,625588521.33
360783,59007799000190,ASSOCIACAO DE SAUDE HOLAMBRA,SP,Medicina de Grupo,1980433903,660144634.33,370478592.81
314315,44595858000111,UNIODONTO DO BRASIL CENTRAL NACIONAL DAS COOPERATIVAS ODONTÃLOGICAS,SP,Cooperativa odontolÃ³gica,1950118436,650039478.67,430188417.76
361593,96396395000162,UNIODONTO PAULISTA-FEDERAÃÃO DAS COOPERATIVAS ODONTOLÃGICAS DO ESTADO DE SÃO PAULO,SP,Cooperativa odontolÃ³gica,1944024411,648008137.00,364230897.77
421871,03013779000178,ANGELI SISTEMAS DE SAUDE S.A.,PR,Medicina de Grupo,1925348092,641782697.33,354327061.17
388092,04503249000170,ASSOCIAÃÃO DOS FUNCIONÃRIOS FISCAIS DO ESTADO DO AMAZONAS - AFFEAM,AM,AutogestÃ£o,1902747174,634249058.00,395549388.77
422835,41248894000110,VIDA TOP MAIS SAÃDE OPERADORA DE PLANOS DE SAÃDE LTDA.,SP,Medicina de Grupo,1877749861,625916620.33,369219311.66
342157,02192677000102,UNIMED MORRINHOS COOPERATIVA DE TRABALHO MEDICO,GO,Cooperativa MÃ©dica,1859315650,619771883.33,316136436.24
343153,24294787000100,UNIMED SOUSA - COOPERATIVA DE TRABALHO MÃDICO,PB,Cooperativa MÃ©dica,1799942068,599980689.33,230294243.16
314706,22263081000155,HOSPITAL CESAR LEITE,MG,Filantropia,1782803285,594267761.67,374083828.56
309028,29167970000168,"ASSOCIAÃÃO DOS SERVIDORES MUNICIPAIS, ESTADUAIS E FEDERAIS DO RIO DE JANEIRO",RJ,Medicina de Grupo,1777052700,592350900.00,314989123.56
408263,71753297000104,ASSOCIAÃÃO POLICIAL DE ASSISTENCIA Ã SAUDE DE SAO JOAO DA BOA VISTA,SP,AutogestÃ£o,1743880579,581293526.33,310769526.01
363189,03044492000105,HOSPITAL S.P. LTDA.,RS,Medicina de Grupo,1725460551,575153517.00,281650011.16
347825,01052203000194,CAIXA ASSISTENCIAL UNIVERSITARIA DO RIO DE JANEIRO,RJ,AutogestÃ£o,1683703297,561234432.33,473190433.57
423718,49792664000120,SUL DO PARÃ LTDA,PA,Medicina de Grupo,1645540597,548513532.33,453781897.00
347604,69015113000167,UNIODONTO DE AMERICANA COOPERATIVA ODONTOLÃGICA,SP,Cooperativa odontolÃ³gica,1609862951,536620983.67,302083437.16
410624,03613857000175,CONFIANÃA ASSISTÃNCIA MÃDICO HOSPITALAR LTDA,MG,Medicina de Grupo,1609772497,536590832.33,265007600.82
402001,53454617000143,SISTEMA TOTAL DE SAÃDE LTDA.,SP,Medicina de Grupo,1604239978,534746659.33,273293558.52
409413,00444803000135,ASSOCIAÃÃO POLICIAL DE ASSISTÃNCIA A SAÃDE,SP,AutogestÃ£o,1597430680,532476893.33,553320919.19
417475,51628360000173,PRONTO SOCORRO CONDE DE MOREIRA LIMA,SP,Medicina de Grupo,1526550690,508850230.00,279607154.27
322326,25335803000128,ASSOCIAÃÃO BENEFICENTE CATÃLICA,MG,Filantropia,1526069662,508689887.33,279709155.93
363391,02513939000185,PLANO ASSISTENCIAL SÃO LUCAS LTDA,MG,Medicina de Grupo,1489552510,496517503.33,238418496.01
414689,04839091000104,FUNDO DE ASSISTÃNCIA Ã SAÃDE DOS FUNCIONÃRIOS DO BEC,CE,AutogestÃ£o,1454961241,484987080.33,263173468.74
411868,03548273000163,MEDIC GLOBAL PLANOS DE SAÃDE LTDA.,MG,Medicina de Grupo,1447089054,482363018.00,296947200.78
409634,73565319000138,ASSOCIACAO CIVIL PRÃ-SAÃDE DOS SERVIDORES DA UNIVERSIDADE ESTADUAL DE PONTA GROSSA,PR,Medicina de Grupo,1377229110,459076370.00,249791280.27
416525,08787782000162,PRIMA VIDA ODONTOLOGIA DE GRUPO LIMITADA,RJ,Odontologia de Grupo,1363387759,454462586.33,306531434.15
406635,71565659000133,ASSOCIACAO POLICIAL DE ASSISTENCIA A SAUDE DE ITAPETININGA,SP,AutogestÃ£o,1363114407,454371469.00,241420309.15
417491,11565995000154,PORTOMED - PORTO SEGURO SERVIÃOS DE SAUDE LTDA,SP,Medicina de Grupo,1346530396,448843465.33,450808414.67
412996,03990914000135,ORALE ASSISTÃNCIA ODONTOLÃGICA LTDA,BA,Odontologia de Grupo,1335225106,445075035.33,223459051.03
418749,06814351000112,CEDPLAN SAÃDE LTDA EPP,MG,Medicina de Grupo,1331020025,443673341.67,240247040.90
306045,72547623000190,SANTA CASA DE MISERICÃRDIA DE TUPÃ,SP,Filantropia,1313039161,437679720.33,204990849.21
418226,13816250000146,OPLAN SAÃDE OPERADORA DE PLANO DE SAÃDE LTDA,RJ,Medicina de Grupo,1310122987,436707662.33,239926448.98
390259,70094578000130,COMSEDER - COOPERATIVA DE ASSISTÃNCIA MÃDICA DOS SERVIDORES DA SUPLAN E DO DER LTDA,PB,AutogestÃ£o,1293759376,431253125.33,220412916.18
422487,37319040000100,VOCÃ TOTAL PLANOS DE SAÃDE LIMITADA,SP,Medicina de Grupo,1284064141,642032070.50,216686359.93
304531,17143876000190,AME-ASSISTÃNCIA MÃDICA A EMPRESAS LTDA,MG,Medicina de Grupo,1253168341,417722780.33,277470906.47
313149,52657079000121,UNIMED DE BATATAIS - COOPERATIVA DE TRABALHO MÃDICO,SP,Cooperativa MÃ©dica,1217350748,405783582.67,173494703.87
419974,19512026000147,PLAMESC PLANOS DE SAÃDE LTDA,RJ,Medicina de Grupo,1200807539,400269179.67,117277623.94
316849,42465310000121,TELOS - FUNDAÃÃO EMBRATEL DE SEGURIDADE SOCIAL,RJ,AutogestÃ£o,1186121063,395373687.67,251453436.82
370568,17333055000116,UNIODONTO UBERABA - COOPERATIVA DE ASSISTÃNCIA Ã SAÃDE ODONTOLÃGICA LTDA,MG,Cooperativa odontolÃ³gica,1163821985,387940661.67,238984004.40
411809,03627391000167,SOCIEDADE DE ASSISTÃNCIA MÃDICA - SAMEISA,RS,AutogestÃ£o,1142823674,380941224.67,278976965.83
334243,58702853000155,UNIODONTO DE SOROCABA COOPERATIVA ODONTOLÃGICA,SP,Cooperativa odontolÃ³gica,1142738294,380912764.67,199015087.04
420123,23557177000199,ASSOCIAÃÃO UNIVIDA SANTA RITA DO PASSA QUATRO,SP,Medicina de Grupo,1134837700,378279233.33,224526769.62
418129,13026081000140,FUNDO DE ASSISTÃNCIA MÃDICO-HOSPITALAR DO MINISTÃRIO PÃBLICO,MS,AutogestÃ£o,1076989993,358996664.33,231021817.95
365645,30505523000150,DONA SAÃDE CLINICAS LTDA ,SP,Medicina de Grupo,1039065591,346355197.00,27258024.88
407569,72916364000127,ASSOCIAÃÃO POLICIAL DE ASSISTÃNCIA Ã SAÃDE DE BARRETOS,SP,AutogestÃ£o,1019932713,339977571.00,168944715.15
311472,18987107000130,CEAM BRASIL - PLANOS DE SAÃDE LTDA,MG,Medicina de Grupo,1019386357,1019386357.00,0.00
316997,65442162000125,UNIODONTO DE ARARAQUARA COOPERATIVA ODONTOLÃGICA,SP,Cooperativa odontolÃ³gica,989790716,329930238.67,122556447.01
382655,02149799000108,UNIODONTO VALE HISTORICO COOPERATIVA ODONTOLOGICA,SP,Cooperativa odontolÃ³gica,981843874,327281291.33,185644181.30
411248,00648506000101,ASSOCIAÃÃO POLICIAL DE ASSISTÃNCIA Ã SAÃDE DE PRESIDENTE VENCESLAU,SP,AutogestÃ£o,981484402,327161467.33,168244224.92
423441,47432143000136,PLENUM ASSISTENCIA MEDICA  LTDA,DF,Medicina de Grupo,968578009,484289004.50,219825148.95
419591,20160828000114,ASSOCIAÃÃO DOS SERVIDORES PÃBLICOS DA ADMINISTRAÃÃO DIRETA DO GOVERNO DO ESTADO DO PARÃ - ASPARÃ,PA,AutogestÃ£o,954576916,318192305.33,160101346.36
422304,36263502000152,CARING SAÃDE ASSISTÃNCIA MÃDICA LTDA.,RJ,Medicina de Grupo,948768825,316256275.00,171218083.19
347795,59527440000144,UNIODONTO DE JUNDIAÃ COOPERATIVA ODONTOLÃGICA,SP,Cooperativa odontolÃ³gica,947456725,315818908.33,149749457.74
419753,14576780000127,MEDGOLD ASSISTENCIA MEDICA LTDA - ME,MG,Medicina de Grupo,933314042,311104680.67,174293835.00
358339,37256591000172,UNIODONTO DO SUL GOIANO COOPERATIVA ODONTOLOGICA,GO,Cooperativa odontolÃ³gica,910339315,303446438.33,149900459.30
334511,01773319000112,UNIMED VALE DO PARAÃBA - FEDERAÃÃO INTRAFEDERATIVA DAS COOPERATIVAS MÃDICAS,SP,Cooperativa MÃ©dica,907313934,302437978.00,433368057.39
409791,03494031000134,COOPERATIVA ODONTOLÃGICA POÃOS DE CALDAS,MG,Cooperativa odontolÃ³gica,889482129,296494043.00,146055724.85
421707,31097886000167,PERSONAL CARE OPERADORA DE SAÃDE SA,SP,Medicina de Grupo,881216667,440608333.50,167443231.56
344184,33601568000117,CAIXA DE ASSISTÃNCIA DOS EMPREGADOS DO SETOR PÃBLICO DO ESTADO DE GOIÃS - CAEME,GO,AutogestÃ£o,857903087,285967695.67,161912435.21
421618,30724638000136,ASSOCIAÃÃO HOSPITAL SAÃDE DE VARGEM GRANDE DO SUL,SP,Medicina de Grupo,846555253,282185084.33,132684595.47
305928,02858169000102,NOSAMED ASSISTÃNCIA MÃDICA LTDA.,SP,Medicina de Grupo,829033802,276344600.67,126082353.70
414654,04222235000189,SEMPRE ODONTO PLANOS ODONTOLOGICOS LTDA,RJ,Odontologia de Grupo,827381299,275793766.33,167009554.16
422959,41929347000109,PRESERVE SAUDE ASSISTENCIA MEDICA LTDA,BA,Medicina de Grupo,826535315,275511771.67,131405484.55
414026,78304672000188,CAIXA BENEFICENTE DOS FUNCIONÃRIOS DO GRUPO IGUAÃU,PR,AutogestÃ£o,825948980,275316326.67,256526984.13
406813,59766105000107,ASSOCIAÃÃO POLICIAL DE ASSISTÃNCIA Ã SAÃDE,SP,AutogestÃ£o,822755562,274251854.00,141806572.74
381144,01367538000100,UNIODONTO MARINGA COOPERATIVA ODONTOLOGICA,PR,Cooperativa odontolÃ³gica,821064169,273688056.33,146621161.17
408026,00665690000106,ASSOCIAÃÃO POLICIAL DE ASSISTÃNCIA Ã SAÃDE DE DRACENA,SP,AutogestÃ£o,799800460,266600153.33,115133839.27
408034,66491036000123,ASSOCIAÃÃO POLICIAL DE ASSISTÃNCIA Ã SAÃDE DE JAÃ,SP,AutogestÃ£o,769479855,256493285.00,114490961.23
415987,04430627000133,PLANO VIDA SAUDE SERVIÃOS ODONTOLOGICOS LTDA,SE,Odontologia de Grupo,752633846,250877948.67,146493378.56
423203,00841848000143,ASSOCIAÃÃO POLICIAL DE ASSISTÃNCIA Ã SAÃDE APAS,SP,AutogestÃ£o,752620256,250873418.67,87182896.18
420981,27113113000150,S1 OPERADORA DE PLANO DE SAÃDE LTDA,DF,Medicina de Grupo,749708084,249902694.67,374285622.70
350770,82239476000144,UNIODONTO DE LONDRINA COOP. ODONTOLÃGICA,PR,Cooperativa odontolÃ³gica,733164455,244388151.67,135843257.78
414701,05774975000190,SERVDONTO - PLANO DE ASSISTÃNCIA ODONTOLÃGICA LTDA,SE,Odontologia de Grupo,730031859,243343953.00,177672446.09
409405,00642842000147,ASSOCIAÃÃO POLICIAL DE ASSISTÃNCIA Ã SAÃDE - VALE DO RIBEIRA,SP,AutogestÃ£o,724799508,241599836.00,104837976.14
339458,35436658000125,DENTAL CENTER LTDA,PB,Odontologia de Grupo,715146248,238382082.67,123672002.27
343056,00531736000196,UNIODONTO JACAREÃ COOPERATIVA ODONTOLÃGICA,SP,Cooperativa odontolÃ³gica,706978120,235659373.33,104713163.23
413283,03694367000140,AESP ODONTO ASSISTÃNCIA ODONTOLÃGICA S/S LTDA EPP,SP,Odontologia de Grupo,705373499,235124499.67,134977946.62
322890,02156150000114,DENTALPAR ASSISTÃNCIA ODONTOLÃGICA EMPRESARIAL LTDA.,SP,Odontologia de Grupo,702828691,234276230.33,99298975.62
365785,02254846000183,COOPERATIVA ODONTOLÃGICA DO ESTADO DO AMAPÃ,AP,Cooperativa odontolÃ³gica,691908325,230636108.33,129023524.28
319872,35908607000159,CAMIM OPERADORA DE PLANO DE SAÃDE LTDA,RJ,Medicina de Grupo,684138225,228046075.00,112824360.88
382281,22027346000116,PLANO DE ASSISTÃNCIA MÃDICA MINEIRA LTDA,MG,Medicina de Grupo,677044872,225681624.00,152296700.32
340162,42425561000182,SAMIG - SERV. DE ASSISTENCIA MEDICA DA ILHA DO GOVERNADOR LTDA,RJ,Medicina de Grupo,668304984,222768328.00,73948778.99
421367,28310835000167,MEDHEALTH PLANOS DE SAÃDE LTDA,PR,Medicina de Grupo,666624255,222208085.00,196185578.09
415243,07154253000169,RODRIGUES LEIRA ODONTOLOGIA LTDA.,SP,Odontologia de Grupo,641133472,213711157.33,136745732.29
413747,04212174000179,DENTAL MASTER LTDA - EPP,AL,Odontologia de Grupo,639980026,213326675.33,107267538.84
336017,00172586000171,UNIODONTO DE PRESIDENTE PRUDENTE COOPERATIVA ODONTOLOGICA,SP,Cooperativa odontolÃ³gica,629861298,209953766.00,121501919.58
344915,44945962000199,SANTA CASA DE MISERICÃRDIA E ASILO DOS POBRES DE BATATAIS,SP,Filantropia,606646399,202215466.33,100081977.46
414387,03187913000157,ODONTOART PLANOS ODONTOLÃGICOS LTDA,CE,Odontologia de Grupo,601020278,200340092.67,78430750.23
424048,29754208000188,VALE PLANOS DE SAÃDE LTDA,PE,Medicina de Grupo,597499362,199166454.00,162247822.10
324213,09237009000195,UNIMED NORTE/NORDESTE-FEDERAÃÃO INTERFEDERATIVA DAS SOCIEDADES COOPERATIVAS DE TRABALHO MÃDICO EM RECUPERAÃÃO JUDICIAL,PB,Cooperativa MÃ©dica,566763616,188921205.33,122617768.85
420093,13083167000105,ASSOCIACAO DOS SERVIDORES DA EMDAGRO - ASSEM,SE,AutogestÃ£o,554328562,184776187.33,192272966.28
314366,00571628000147,DENTAL PLUS CONVÃNIO ODONTOLÃGICO LTDA.,SP,Odontologia de Grupo,543204483,181068161.00,98589212.29
421189,22709109000135,BENEFICENCIA SOCIAL BOM SAMARITANO,MG,Filantropia,538944190,179648063.33,145709735.75
408093,66493339000185,ASSOCIAÃÃO POLICIAL DE ASSISTENCIA A SAUDE DE BOTUCATU,SP,AutogestÃ£o,536099826,178699942.00,205276514.08
342955,29780384000194,HSMED SAUDE LTDA,RJ,Medicina de Grupo,526884274,175628091.33,110726769.96
305421,72120124000111,UNIODONTO RS FEDERACAO DAS UNIODONTOS DO RGS LTDA,RS,Cooperativa odontolÃ³gica,520156231,173385410.33,92045641.29
331104,02064028000118,UNIODONTO DE PINDAMONHANGABA COOP ODONTOLOGICA,SP,Cooperativa odontolÃ³gica,518503719,172834573.00,85742727.40
370711,02580965000126,UNIODONTO ESPIRITO SANTO COOPERATIVA ODONTOLOGICA,ES,Cooperativa odontolÃ³gica,507342923,169114307.67,89215525.90
373109,00826676000139,UNIODONTO DE SERTAOZINHO SP COOPERATIVA ODONTOLOGICA,SP,Cooperativa odontolÃ³gica,500784503,250392251.50,81342624.66
300730,01402285000150,DENTAL GOLD ASSISTÃNCIA ODONTOLÃGICA LTDA.,PB,Odontologia de Grupo,494670156,164890052.00,111914525.64
418218,11336728000105,ASSOCIAÃÃO SAÃDE RURAL ALEGRETE,RS,Medicina de Grupo,483709107,161236369.00,117960815.62
422088,34907159000106,ODONT-OPERADORA ODONTOLOGICA LTDA,SP,Odontologia de Grupo,477304518,159101506.00,57902461.75
422380,37354048000108,YOU ASSISTÃNCIA MÃDICA LTDA.,MG,Medicina de Grupo,470116529,470116529.00,0.00
421634,28953753000130,SD-M OPERADORA DE PLANOS DE SAUDE LTDA,RJ,Medicina de Grupo,468022749,156007583.00,165515877.64
417831,10364053000145,ODONTOLIVE OPERADORA DE PLANOS ODONTOLÃGICOS LTDA.,SP,Odontologia de Grupo,453187925,151062641.67,115292229.95
423432,47325263000134,"ASSOC DE ASSIST Ã SAÃDE DOS SERV DAS UNIV E INST FED, EST E/OU FAC PART EM PE",PE,AutogestÃ£o,450624771,150208257.00,60655681.83
419028,25906728000108,COOPERATIVA DE TRABALHO ODONTOLOGICO - UNIODONTO ITAJUBÃ,MG,Cooperativa odontolÃ³gica,437548170,145849390.00,110297077.57
422746,40038813000195,SALUSMED OPERADORA DE PLANOS DE SAUDE LTDA,SP,Medicina de Grupo,415977880,138659293.33,128201576.15
412015,03670297000190,MH VIDA - OPERADORA DE PLANOS DE SAÃDE LTDA,RJ,Medicina de Grupo,415924823,138641607.67,147852454.79
420816,25141173000150,ASSOCIAÃÃO PADRE PIO PLANOS DE SAÃDE,SP,Medicina de Grupo,412585767,137528589.00,68504742.34
407534,28023703000154,ÃNIX OPERADORA DE PLANOS DE SAÃDE LTDA,RJ,Medicina de Grupo,409569600,136523200.00,83191157.02
407224,03219363000100,SEPACO SAÃDE LTDA,SP,Medicina de Grupo,407158723,135719574.33,108360549.32
417220,10796140000171,ASSOCIAÃÃO SERVIÃOS ODONTOLÃGICOS DA INDÃSTRIA DE MINAS GERAIS - ODONTOINDUSTRIA,MG,Odontologia de Grupo,389679172,129893057.33,71329514.44
418072,13223975000120,CAIXA SEGURADORA ESPECIALIZADA EM SAÃDE S/A,SP,Seguradora Especializada em SaÃºde,379625495,126541831.67,67500377.89
341819,00763923000103,UNIMED ALTO PARANAIBA COOPERATIVA DE TRABALHO MEDICO,MG,Cooperativa MÃ©dica,357593721,119197907.00,38789611.65
421723,27047334000177,HEALTH-MED SISTEMA DE SAUDE LTDA,RJ,Medicina de Grupo,339910499,113303499.67,58820244.65
417131,10456692000130,QUALIDONTO - QUALIDADE EM ODONTOLOGIA LTDA ,BA,Odontologia de Grupo,334356650,111452216.67,69195353.74
415081,06145428000109,PORTO DIAS SAUDE LTDA.,PA,Medicina de Grupo,320946072,106982024.00,119291379.67
413267,04234059000103,PREVENT SENIOR CORPORATE OPERADORA DE SAÃDE LTDA.,SP,Medicina de Grupo,313474931,104491643.67,90104241.54
419281,14891935000110,ODONTO SEG OPERADORA DE PLANOS ODONTOLOGICOS S.A.,SP,Odontologia de Grupo,311304763,103768254.33,46346615.12
422355,36186642000174,PD BRASIL ASSISTENCIA ODONTOLOGICA LTDA,MG,Odontologia de Grupo,264754959,88251653.00,56418208.30
415910,02569472000195,CENTRO DE ENDOCRINOLOGIA DE JUNDIAÃ S/S LTDA,SP,Medicina de Grupo,259429368,86476456.00,89401336.90
382639,92911056000116,ASSOCIAÃÃO DOS FISCAIS DE TRIBUTOS ESTADUAIS DO RS - AFISVEC,RS,AutogestÃ£o,247157551,82385850.33,58245039.19
424170,54557861000102,BLUZZ SAÃDE S/A,ES,Medicina de Grupo,243265308,81088436.00,69695353.91
415901,41369935000127,SAME-SERVIÃO DE ASSISTÃNCIA MÃDICA EMPRESARIAL LTDA.,MA,Medicina de Grupo,204942532,68314177.33,32807258.14
343404,37496767000163,UNIODONTO DE MATO GROSSO COOP TRAB ODONTOLOGICO LTDA,MT,Cooperativa odontolÃ³gica,193447513,64482504.33,46887701.68
422754,40246859000108,ODILE SERVIÃOS DE SAÃDE LTDA.,SP,Medicina de Grupo,189338161,63112720.33,32938282.25
333239,01672007000112,SISTEMA PREVSAUDE DENTAL LTDA,CE,Odontologia de Grupo,187286407,62428802.33,32759002.66
408522,24729097000136,SANTA CASA DA MISERICÃRDIA DE SÃO JOÃO DEL REI,MG,Filantropia,173828575,57942858.33,31112829.61
423572,48982275000102,INNOVA PLANO DE SAUDE LTDA,RO,Medicina de Grupo,172350958,86175479.00,78389922.82
417840,02919940000104,NOVODENTE S/A,RS,Odontologia de Grupo,167119784,167119784.00,0.00
397245,69099307000198,CROWN ODONTOLOGIA DE GRUPO LTDA,SP,Odontologia de Grupo,164320391,54773463.67,29981906.38
420930,77893469000121,HOSPITAL DE CARIDADE SÃO VICENTE DE PAULO,PR,Filantropia,161789329,53929776.33,4190725.80
423564,42785902000120,INFINITY SAÃDE SUPLEMENTAR LTDA,MT,Medicina de Grupo,152055088,50685029.33,36475633.86
417106,10767219000174,PLANO DE ASSISTÃNCIA ODONTOLÃGICA FAUCHARD LTDA. ME,BA,Odontologia de Grupo,116771998,38923999.33,22806838.77
413551,04299994000140,PLAMEDH - PLANO DE ASSISTÃNCIA MÃDICO-HOSPITALAR LTDA,MG,Medicina de Grupo,96811957,48405978.50,13691277.98
418994,17048922000171,ODONTO PRIME S/S LTDA,CE,Odontologia de Grupo,93798575,31266191.67,16296357.64
421561,31596055000130,BRASIL ODONTO OPERADORA DE PLANOS ODONTOLÃGICOS LTDA,TO,Odontologia de Grupo,90262812,30087604.00,25346766.02
423181,45050963000138,BEMSTAR ASSISTENCIA MEDICA LTDA,BA,Medicina de Grupo,87714748,29238249.33,9517482.71
423262,45568546000181,ALMA ODONTO OPERADORA DE PLANOS ODONTOLOGICOS LTDA,SP,Odontologia de Grupo,79265556,26421852.00,12121261.20
423408,29117294000118,PLANO SIGMA SAÃDE LTDA,SP,Medicina de Grupo,75853800,37926900.00,398060.11
316903,93507895000136,POLIMÃDICA SAÃDE SOCIEDADE SIMPLES LTDA,RS,Medicina de Grupo,74968545,24989515.00,12521795.18
423912,53249803000140,ASSISTÃNCIA MÃDICA 12 DE OUTUBRO LTDA,SP,Medicina de Grupo,69620541,23206847.00,14152395.11
423645,49481538000154,SAUDIA ASSISTENCIA MÃDICA LTDA,MG,Medicina de Grupo,69106006,23035335.33,16187704.87
419354,14927215000167,ZURICH SANTANDER BRASIL ODONTO LTDA.,SP,Odontologia de Grupo,58652303,19550767.67,6085627.49
420051,19031941000110,SMART CARE SISTEMAS MÃDICOS E ODONTOLÃGICOS LTDA.,SP,Odontologia de Grupo,57292210,28646105.00,0.00
409286,68687722000108,G & M ASSESSORIA MEDICA EMPRESARIAL LTDA,RJ,Medicina de Grupo,53226711,17742237.00,18031340.54
419524,19304091000187,SORRIDEN CONVÃNIOS ODONTOLÃGICOS S.A.,SP,Odontologia de Grupo,47934476,15978158.67,14889613.87
421642,31763326000102,EXCELÃNCIA PLANO DE SAÃDE S/A,ES,Medicina de Grupo,29399862,14699931.00,16962006.76
415944,51262335000119,CLÃNICA SÃO GABRIEL S/S LTDA,SP,Medicina de Grupo,20117070,6705690.00,4501233.93
327328,05455431000166,CASA DE SAÃDE NOSSA SENHORA DE FÃTIMA  LTDA.,CE,Medicina de Grupo,18085670,6028556.67,3239213.77
422479,39149389000177,LIVRI OPERADORA DE PLANO DE SAÃDE LTDA,SP,Medicina de Grupo,17221135,5740378.33,4351002.68
423815,51212821000122,SAGRADA SAÃDE ASSISTÃNCIA MÃDICA LTDA,MG,Medicina de Grupo,11716813,3905604.33,3772343.30
416410,97403778000183,SOCIODONTO PLANO DE ASSISTÃNCIA ODONTOLÃGICA LTDA,MG,Odontologia de Grupo,6243493,3121746.50,3571175.62
424463,59452478000103,SAUDE SALV ASSISTENCIA MEDICA LTDA,RO,Medicina de Grupo,3571545,3571545.00,0.00
324523,40960189000189,UNIMED PARAIBA - FEDERAÃAO DAS SOCIEDADES COOPERATIVAS DE TRABALHO MEDICO,PB,Cooperativa MÃ©dica,649559,216519.67,205217.38
422941,41715325000138,ARL ADMINISTRADORA DE BENEFÃCIOS LTDA.,SP,Administradora de BenefÃ­cios,56800,28400.00,0.00
